	Unnamed: 0	mask_dim	acs_type	acc	bloc	kernel	std_noise	lr_mask	lr_other	test_ssim	test_psnr	test_loss	test_loss_denorm
0	0	[121, 145]	square	0.125	1	[11, 11]	0.0175	0.01	0.0001	0.6159529473599571	22.26792301819712	0.0726101994514465	2.310962353732317e-09
1	0	[121, 145]	no	0.125	1	[11, 11]	0.0175	0.001	0.01	0.4768630285327443	17.68063812770421	0.1763936281204223	6.2995335007226675e-09
2	0	[121, 145]	no	0.125	1	[11, 11]	0.0175	0.01	0.0001	0.3141825118380609	16.057201359011174	0.3442137837409973	1.2097050880327807e-08
3	0	[121, 145]	no	0.125	1	[11, 11]	0.0175	0.001	0.001	0.647923886220317	24.931016459395213	0.0469842478632926	1.3494512113299703e-09
4	0	[121, 145]	square	0.125	1	[11, 11]	0.0175	0.01	0.001	0.6755607130483862	25.2518797002336	0.0445297360420227	1.311513782681951e-09
5	0	[121, 145]	no	0.125	1	[11, 11]	0.0175	0.01	0.001	0.4156898085236526	17.43988929226093	0.1777643114328384	6.668006739585915e-09
6	0	[121, 145]	square	0.125	1	[11, 11]	0.0175	0.01	0.01	0.6268749309489479	24.46139372351677	0.0580171421170234	1.555153810548693e-09
7	0	[121, 145]	no	0.125	1	[11, 11]	0.0175	0.01	0.01	0.4669706973188998	17.999287157480566	0.1686513870954513	6.0183461571717395e-09
8	0	[121, 145]	square	0.125	1	[11, 11]	0.0175	0.001	0.01	0.6563460096001649	25.174221194020006	0.0509262792766094	1.3143867295709964e-09
9	0	[121, 145]	square	0.125	1	[11, 11]	0.0175	0.001	0.001	0.7097556716873972	27.118723459579662	0.0286457128822803	7.685987436842092e-10
10	0	[121, 145]	square	0.125	1	[11, 11]	0.0175	0.001	0.0001	0.7126935378343271	25.555094219387502	0.0336984768509864	1.0311457567088351e-09
11	0	[121, 145]	no	0.125	1	[11, 11]	0.0175	0.001	0.0001	0.4243722295516736	18.3288011092501	0.165360614657402	5.609719198313307e-09
12	0	[121, 145]	no	0.125	1	[11, 11]	0.0175	0.0001	0.01	0.4704590469180938	17.738203099598206	0.1953972429037094	6.448491302275662e-09
13	0	[121, 145]	no	0.125	1	[11, 11]	0.05	0.01	0.01	0.4728220058611849	18.11019821129904	0.1691365838050842	6.013554662228305e-09
14	0	[121, 145]	square	0.125	1	[11, 11]	0.05	0.01	0.01	0.644437950224996	25.003603286204665	0.0525681711733341	1.354866343133427e-09
15	0	[121, 145]	no	0.125	1	[11, 11]	0.05	0.01	0.001	0.5745232452118814	22.098040492537315	0.0738367065787315	2.350303502986246e-09
16	0	[121, 145]	square	0.125	1	[11, 11]	0.0175	0.0001	0.01	0.6775097873894554	24.812095581381318	0.045904703438282	1.1019493804411667e-09
17	0	[121, 145]	no	0.125	1	[11, 11]	0.0175	0.0001	0.001	0.4979306859408833	21.13578451974	0.1175697818398475	3.127092651045384e-09
18	0	[121, 145]	no	0.125	1	[11, 11]	0.0175	0.0001	0.0001	0.6922441568476666	25.84064176049425	0.0396964736282825	8.770038293534552e-10
19	0	[121, 145]	square	0.125	1	[11, 11]	0.0175	0.0001	0.001	0.7236044863250765	26.71502841035022	0.0279616340994834	7.129253777296451e-10
20	0	[121, 145]	square	0.125	1	[11, 11]	0.0175	0.0001	0.0001	0.7464305971057712	26.93391818471376	0.0232325959950685	6.21415266375219e-10
21	0	[121, 145]	square	0.125	1	[11, 11]	0.05	0.01	0.001	0.6953176567826168	26.45756836844821	0.0331995487213134	9.147532429344721e-10
22	0	[121, 145]	no	0.125	1	[11, 11]	0.05	0.01	0.0001	0.3634212376787813	16.404138986526974	0.2452020794153213	8.954181359206657e-09
23	0	[121, 145]	no	0.125	1	[11, 11]	0.05	0.001	0.01	0.4748654142388101	18.345751545662136	0.1537891030311584	5.3276017640368276e-09
24	0	[121, 145]	square	0.125	1	[11, 11]	0.05	0.01	0.0001	0.6536246720989481	23.434334773669185	0.05717159435153	1.791339746603299e-09
25	0	[121, 145]	square	0.125	1	[11, 11]	0.05	0.001	0.01	0.66329831785775	25.420174805971385	0.0461838506162166	1.224945561917953e-09
26	0	[121, 145]	no	0.125	1	[11, 11]	0.05	0.001	0.001	0.5687692013494953	22.325296234965577	0.0757386237382888	2.389714729382958e-09
27	0	[121, 145]	square	0.125	1	[11, 11]	0.05	0.001	0.0001	0.7351742505420082	26.640637831889265	0.0267533231526613	7.738763646313755e-10
28	0	[121, 145]	square	0.125	1	[11, 11]	0.05	0.001	0.001	0.7199812389880003	27.63490237276481	0.0259854029864072	7.03233372001971e-10
29	0	[121, 145]	no	0.125	1	[11, 11]	0.05	0.001	0.0001	0.5695181080557392	21.37116483310072	0.090492308139801	2.7625991836131762e-09
30	0	[121, 145]	no	0.125	1	[11, 11]	0.05	0.0001	0.001	0.3574008774009565	8.951739379065799	1.2624096870422363	4.3240793519191664e-08
31	0	[121, 145]	square	0.125	1	[11, 11]	0.05	0.0001	0.001	0.6097758682568822	22.63592244068484	0.0610292479395866	1.4429318825070635e-09
32	0	[121, 145]	no	0.125	1	[11, 11]	0.05	0.0001	0.0001	0.5199318163951484	13.270558600036075	0.5712493658065796	1.8230218692567303e-08
33	0	[121, 145]	square	0.125	1	[11, 11]	0.05	0.0001	0.01	0.6228232331646675	22.921234422140188	0.0677428767085075	1.6387371546488824e-09
34	0	[121, 145]	square	0.125	1	[11, 11]	0.05	0.0001	0.0001	0.7268698751404028	25.96328437802152	0.0270469821989536	7.57655205563219e-10
35	0	[121, 145]	no	0.125	1	[13, 13]	0.0175	0.01	0.0001	0.3743530541784763	16.782803509238295	0.4035693407058716	1.3855886582137791e-08
36	0	[121, 145]	square	0.125	1	[13, 13]	0.0175	0.01	0.0001	0.5903933154694795	21.673744037093137	0.082289770245552	2.7908870249678243e-09
37	0	[121, 145]	no	0.125	1	[13, 13]	0.0175	0.001	0.01	0.4382162420779343	16.680544584216335	0.1965021938085556	7.455247256221047e-09
38	0	[121, 145]	no	0.125	1	[13, 13]	0.0175	0.01	0.01	0.4946750720241313	18.754813988922127	0.1425611823797226	5.104594698512302e-09
39	0	[121, 145]	square	0.125	1	[13, 13]	0.0175	0.01	0.01	0.6479586922925028	25.015250711162075	0.0630465745925903	1.7900492330234164e-09
40	0	[121, 145]	square	0.125	1	[13, 13]	0.0175	0.01	0.001	0.6462808980164028	24.68934778623855	0.048890583217144	1.4777256016102542e-09
41	0	[121, 145]	square	0.125	1	[13, 13]	0.0175	0.001	0.01	0.6572968313623949	25.70636663031376	0.0545551478862762	1.5308303147883814e-09
42	0	[121, 145]	no	0.125	1	[13, 13]	0.0175	0.01	0.001	0.454223211252804	18.558107574880385	0.1525225937366485	5.610480009442925e-09
43	0	[121, 145]	square	0.125	1	[13, 13]	0.0175	0.001	0.001	0.7243204247068062	26.92839609280753	0.0301201399415731	8.436963432250646e-10
44	0	[121, 145]	no	0.125	1	[13, 13]	0.0175	0.001	0.0001	0.455974190489026	19.20593651001107	0.1475592106580734	5.036679307370387e-09
45	0	[121, 145]	square	0.125	1	[13, 13]	0.0175	0.001	0.0001	0.6778142399936294	24.47989226242664	0.047726321965456	1.561659719947522e-09
46	0	[121, 145]	no	0.125	1	[13, 13]	0.0175	0.001	0.001	0.5960149486925849	23.576237913780883	0.0598725974559783	1.813140256772154e-09
47	0	[121, 145]	square	0.125	1	[13, 13]	0.0175	0.0001	0.01	0.6590478713938016	24.86741481901361	0.0543334856629371	1.3737396052558584e-09
48	0	[121, 145]	no	0.125	1	[13, 13]	0.0175	0.0001	0.01	0.4407356336272304	15.92761143543613	0.2414893805980682	9.096185104231934e-09
49	0	[121, 145]	no	0.125	1	[13, 13]	0.0175	0.0001	0.001	0.4956641219148812	19.91979320519493	0.134378582239151	3.4680507645098804e-09
50	0	[121, 145]	square	0.125	1	[13, 13]	0.0175	0.0001	0.0001	0.7323029197446247	26.119365587639106	0.028347672894597	7.844738150962706e-10
51	0	[121, 145]	no	0.125	1	[13, 13]	0.05	0.01	0.01	0.4560640668135278	17.77635808163272	0.1692307293415069	6.148720597249667e-09
52	0	[121, 145]	square	0.125	1	[13, 13]	0.05	0.01	0.01	0.6539544653189312	25.293787307140175	0.0578626506030559	1.6187570699188102e-09
53	0	[121, 145]	square	0.125	1	[13, 13]	0.0175	0.0001	0.001	0.7040202593374405	26.253574591390198	0.0292807146906852	8.19284982891167e-10
54	0	[121, 145]	square	0.125	1	[13, 13]	0.05	0.01	0.0001	0.6393172457475074	23.02425615619135	0.0642826184630394	2.186159103957048e-09
55	0	[121, 145]	square	0.125	1	[13, 13]	0.05	0.01	0.001	0.6804713194400553	25.656833227615824	0.0391368232667446	1.1434404430027831e-09
56	0	[121, 145]	no	0.125	1	[13, 13]	0.0175	0.0001	0.0001	0.627721845368205	21.896125284747576	0.0762389972805976	2.0791907155501067e-09
57	0	[121, 145]	no	0.125	1	[13, 13]	0.05	0.01	0.001	0.541156204481504	21.5962289427239	0.0908474028110504	3.031800443844677e-09
58	0	[121, 145]	square	0.125	1	[13, 13]	0.05	0.001	0.01	0.6651842970533803	25.72595810042244	0.0530887506902217	1.448735273375404e-09
59	0	[121, 145]	no	0.125	1	[13, 13]	0.05	0.001	0.001	0.5930132279986834	22.866422560215543	0.0727744400501251	2.339452666203798e-09
60	0	[121, 145]	square	0.125	1	[13, 13]	0.05	0.001	0.001	0.7233010552331843	27.32176848881588	0.0272312480956316	7.597487440583982e-10
61	0	[121, 145]	square	0.125	1	[13, 13]	0.05	0.0001	0.01	0.6003544200026709	22.856496111518293	0.08316670358181	2.0034962504934033e-09
62	0	[121, 145]	no	0.125	1	[13, 13]	0.05	0.001	0.0001	0.5075303906453672	20.63040476110097	0.1129004061222076	3.692133445463924e-09
63	0	[121, 145]	no	0.125	1	[13, 13]	0.05	0.0001	0.001	0.3381723122915013	8.844053540419646	1.2755327224731443	4.365233411951487e-08
64	0	[121, 145]	square	0.125	1	[13, 13]	0.05	0.0001	0.001	0.6193857625163592	22.83613480318564	0.0636402741074562	1.51850486103245e-09
65	0	[121, 145]	no	0.125	1	[13, 13]	0.05	0.0001	0.0001	0.5107692771066792	12.688923131191988	0.6158251166343689	1.986943727593653e-08
66	0	[121, 145]	square	0.125	1	[13, 13]	0.05	0.0001	0.0001	0.720470745055175	25.457970649683865	0.0332023277878761	9.423040557141682e-10
67	0	[121, 145]	no	0.125	5	[11, 11]	0.0175	0.01	0.01	0.3032360265523008	14.343357753040843	0.8621608018875122	2.4099009729629637e-08
68	0	[121, 145]	square	0.125	5	[11, 11]	0.0175	0.01	0.01	0.4297736897973333	18.16377990195292	0.2677631378173828	4.972322939167531e-09
69	0	[121, 145]	no	0.125	5	[11, 11]	0.0175	0.01	0.001	0.7667316846590045	24.31816377730632	0.0540354289114475	1.9803502295828847e-09
70	0	[121, 145]	square	0.125	5	[11, 11]	0.0175	0.01	0.001	0.829075328907746	29.529151388507323	0.0228756554424762	7.715616329738652e-10
71	0	[121, 145]	square	0.125	5	[11, 11]	0.0175	0.001	0.001	0.904172810833514	34.12387226115988	0.0095437550917267	2.7064572390467e-10
72	0	[121, 145]	no	0.125	5	[11, 11]	0.0175	0.001	0.0001	0.7317706970085737	24.070314742934883	0.0760750398039817	2.8870752074823557e-09
73	0	[121, 145]	no	0.125	5	[11, 11]	0.0175	0.0001	0.01	0.1940437308294182	13.226801603983295	1.239819884300232	1.915114243478136e-08
74	0	[121, 145]	no	0.125	5	[11, 11]	0.0175	0.01	0.0001	0.6141120230205696	19.076351867730715	0.1663201302289962	6.312741217265336e-09
75	0	[121, 145]	no	0.125	5	[11, 11]	0.0175	0.001	0.01	0.00877689373101	-15.410254928406172	63.16019058227539	2.1076102474518908e-06
76	0	[121, 145]	square	0.125	5	[11, 11]	0.0175	0.001	0.01	0.4486997326172679	18.24887215030205	0.2481500953435897	4.5985083988632925e-09
77	0	[121, 145]	no	0.125	5	[11, 11]	0.0175	0.001	0.001	0.8686117230349677	30.25043433624749	0.0169596634805202	4.949565768740616e-10
78	0	[121, 145]	square	0.125	5	[11, 11]	0.0175	0.001	0.0001	0.712295053045659	25.77724848131032	0.0530769675970077	1.909954787545103e-09
79	0	[121, 145]	square	0.125	5	[11, 11]	0.0175	0.0001	0.01	0.3972257758915699	16.812229259775428	0.3285988271236419	7.357759057671232e-09
80	0	[121, 145]	no	0.125	5	[11, 11]	0.0175	0.0001	0.001	0.705852404109406	26.56024922376961	0.042228877544403	1.146280594113375e-09
81	0	[121, 145]	square	0.125	5	[11, 11]	0.0175	0.0001	0.001	0.84725798983819	30.0075798406653	0.0156948659569025	4.745315268597364e-10
82	0	[121, 145]	square	0.125	5	[11, 11]	0.05	0.01	0.0001	0.7040610568701401	25.268797992477904	0.0642540082335472	2.398846586929164e-09
83	0	[121, 145]	square	0.125	5	[11, 11]	0.0175	0.01	0.0001	0.6904399517222993	25.060777126297506	0.0664015635848045	2.468035211285994e-09
84	0	[121, 145]	no	0.125	5	[11, 11]	0.05	0.01	0.001	0.7809029697760876	24.674327993284194	0.0497624166309833	1.7752300206302944e-09
85	0	[121, 145]	no	0.125	5	[11, 11]	0.0175	0.0001	0.0001	0.6566886847404597	23.1102969476261	0.0837511420249939	2.882649115044732e-09
86	0	[121, 145]	no	0.125	5	[11, 11]	0.05	0.01	0.0001	0.7139053928399463	22.50262243966774	0.0923494473099708	3.464585827405326e-09
87	0	[121, 145]	square	0.125	5	[11, 11]	0.05	0.01	0.001	0.8624993863963893	31.50181456452877	0.0170716177672147	5.60086449869051e-10
88	0	[121, 145]	square	0.125	5	[11, 11]	0.0175	0.0001	0.0001	0.759742097570477	27.0481428487326	0.0343660674989223	1.1501025929807939e-09
89	0	[121, 145]	no	0.125	5	[11, 11]	0.05	0.01	0.01	0.1120684434090285	7.9479406736607805	2.832172155380249	4.72705481684566e-08
90	0	[121, 145]	no	0.125	5	[11, 11]	0.05	0.001	0.01	0.2000220556579305	13.313109224079012	1.465370774269104	2.1508218612334222e-08
91	0	[121, 145]	square	0.125	5	[11, 11]	0.05	0.01	0.01	0.1145665477547309	2.172981020838745	4.387485980987549	1.2363211488906444e-07
92	0	[121, 145]	no	0.125	5	[11, 11]	0.05	0.001	0.001	0.8581276429058181	29.93378914101297	0.0181259680539369	5.506722732715384e-10
93	0	[121, 145]	no	0.125	5	[11, 11]	0.05	0.0001	0.001	0.472960046020143	19.728119662608027	0.1717011779546737	5.123331034664013e-09
94	0	[121, 145]	no	0.125	5	[11, 11]	0.05	0.001	0.0001	0.7387900790469416	23.97422695399669	0.0647285357117652	2.4123170252129052e-09
95	0	[121, 145]	square	0.125	5	[11, 11]	0.05	0.001	0.001	0.8999635366034486	33.96624385610558	0.0097022699192166	2.7900673427474e-10
96	0	[121, 145]	square	0.125	5	[11, 11]	0.05	0.001	0.0001	0.7441287667825467	26.46306838247568	0.04306136444211	1.4984170885880355e-09
97	0	[121, 145]	square	0.125	5	[11, 11]	0.05	0.0001	0.0001	0.7040934518337751	24.119915786683187	0.0575514622032642	2.0816027189134863e-09
98	0	[121, 145]	no	0.125	5	[11, 11]	0.05	0.0001	0.01	0.1583386932679461	8.883160198135947	2.874735116958618	6.075656170961616e-08
99	0	[121, 145]	square	0.125	5	[11, 11]	0.05	0.0001	0.01	0.063886241124777	-0.2208333604635967	11.420717239379885	3.367872673157408e-07
100	0	[121, 145]	square	0.125	5	[11, 11]	0.05	0.0001	0.001	0.7540678863441236	26.911967918412167	0.0317495092749595	1.03088162499998e-09
101	0	[121, 145]	no	0.125	5	[11, 11]	0.05	0.0001	0.0001	0.4312260890726834	18.809328592952564	0.2591778635978699	7.1264721054514225e-09
102	0	[121, 145]	no	0.125	5	[13, 13]	0.0175	0.01	0.01	0.0710046768886623	7.950218660230556	2.527750015258789	4.5528847211206015e-08
103	0	[121, 145]	square	0.125	5	[11, 11]	0.05	0.001	0.01	0.498915361527753	19.118667760450705	0.211608424782753	3.741998751606394e-09
104	0	[121, 145]	square	0.125	5	[13, 13]	0.0175	0.01	0.001	0.8342071704150622	30.168138400612744	0.0188563205301761	6.312450659288218e-10
105	0	[121, 145]	square	0.125	5	[13, 13]	0.0175	0.01	0.01	0.5450502526478466	21.074098561744197	0.1694188565015792	2.788136114021667e-09
106	0	[121, 145]	square	0.125	5	[13, 13]	0.0175	0.001	0.01	0.0203856097997069	-8.190133650005503	18.75617027282715	6.025575478964474e-07
107	0	[121, 145]	square	0.125	5	[13, 13]	0.05	0.0001	0.01	0.0036206661673182	-17.63671067235635	114.19342041015624	4.128588681419117e-06
108	0	[121, 145]	no	0.125	5	[13, 13]	0.0175	0.01	0.001	0.7746874695543405	24.89072319163628	0.0515170395374298	1.877798662358844e-09
109	0	[121, 145]	square	0.25	1	[11, 11]	0.0175	0.01	0.01	0.7211752471969844	28.345318355117648	0.0274477992206811	7.481142042891693e-10
110	0	[121, 145]	no	0.25	1	[11, 11]	0.0175	0.01	0.001	0.4473058769726066	17.916225560828256	0.1672053784132003	6.0568534052926395e-09
111	0	[121, 145]	no	0.125	5	[13, 13]	0.0175	0.01	0.0001	0.667337154200772	20.15230033145801	0.1383105814456939	5.034097124655471e-09
112	0	[121, 145]	square	0.25	1	[11, 11]	0.0175	0.01	0.001	0.7451567510691277	29.48780597299549	0.0198528934270143	5.466243478518177e-10
113	0	[121, 145]	square	0.125	5	[13, 13]	0.0175	0.01	0.0001	0.714758691031309	25.240251984287468	0.0783266872167587	2.8960964782668304e-09
114	0	[121, 145]	no	0.125	5	[13, 13]	0.0175	0.001	0.001	0.8539184968828998	30.03751015220824	0.0191702451556921	5.919397551206471e-10
115	0	[121, 145]	no	0.125	5	[13, 13]	0.0175	0.001	0.01	0.0125024538585228	-2.80534979828507	11.7322416305542	3.0742545085248255e-07
116	0	[121, 145]	no	0.25	1	[11, 11]	0.0175	0.01	0.01	0.5096134745004921	18.753378806974077	0.1450557559728622	5.034216053431691e-09
117	0	[121, 145]	no	0.25	1	[11, 11]	0.0175	0.01	0.0001	0.3249985249640659	15.192586239348769	0.4116912186145782	1.4806595981326277e-08
118	0	[121, 145]	square	0.25	1	[11, 11]	0.0175	0.01	0.0001	0.7260400296274979	27.62406031391257	0.0277439672499895	8.412921361821713e-10
119	0	[121, 145]	no	0.25	1	[11, 11]	0.0175	0.001	0.001	0.7022178538548879	26.769801444963704	0.0335648879408836	9.090204871999301e-10
120	0	[121, 145]	no	0.25	1	[11, 11]	0.0175	0.001	0.01	0.5494213891604905	20.632894114166824	0.1098536029458046	3.6353763544994762e-09
121	0	[121, 145]	no	0.25	1	[11, 11]	0.0175	0.001	0.0001	0.4781822972446614	19.117328053474942	0.1417693197727203	4.6681105867342255e-09
122	0	[121, 145]	square	0.25	1	[11, 11]	0.0175	0.001	0.01	0.7504721654183091	29.599880585926925	0.0195827055722475	5.053307414090158e-10
123	0	[121, 145]	square	0.25	1	[11, 11]	0.0175	0.0001	0.01	0.7714351970929151	30.491337168020102	0.0151181016117334	3.434934387225005e-10
124	0	[121, 145]	square	0.25	1	[11, 11]	0.0175	0.001	0.001	0.8097438862880788	31.621957755989836	0.0113179581239819	2.984874258090307e-10
125	0	[121, 145]	square	0.25	1	[11, 11]	0.0175	0.001	0.0001	0.7875472992449233	30.738285156948216	0.0141004836186766	3.8743034095778704e-10
126	0	[121, 145]	square	0.25	1	[11, 11]	0.0175	0.0001	0.001	0.8059251323619276	31.866643261730587	0.0100556835532188	2.4526735838261437e-10
127	0	[121, 145]	no	0.25	1	[11, 11]	0.0175	0.0001	0.001	0.5922020030356048	21.673109302291973	0.0762026607990264	2.305222801529993e-09
128	0	[121, 145]	no	0.25	1	[11, 11]	0.0175	0.0001	0.0001	0.7409600149783708	26.181410508936445	0.0338186062872409	8.966046404673859e-10
129	0	[121, 145]	no	0.25	1	[11, 11]	0.0175	0.0001	0.01	0.4268263987212728	17.407550864096134	0.1770737618207931	5.976206605074601e-09
130	0	[121, 145]	square	0.25	1	[11, 11]	0.0175	0.0001	0.0001	0.8399383861320054	33.25621037353389	0.0082904445007443	2.0103852008696748e-10
131	0	[121, 145]	no	0.25	1	[11, 11]	0.05	0.01	0.0001	0.3766746964024421	16.417679051155677	0.2652950286865234	9.526365432319575e-09
132	0	[121, 145]	square	0.25	1	[11, 11]	0.05	0.01	0.01	0.7440613469457094	29.221908290921963	0.0218475107103586	5.86864956215488e-10
133	0	[121, 145]	no	0.25	1	[11, 11]	0.05	0.01	0.01	0.5276620316360239	18.32508771682245	0.1635026633739471	5.695871299831191e-09
134	0	[121, 145]	no	0.25	1	[11, 11]	0.05	0.01	0.001	0.6073483789339574	22.057330304537448	0.0732394084334373	2.323994935776906e-09
135	0	[121, 145]	square	0.25	1	[11, 11]	0.05	0.01	0.001	0.7808230109758202	30.585734155057654	0.0143525069579482	3.8521636283533294e-10
136	0	[121, 145]	square	0.25	1	[11, 11]	0.05	0.01	0.0001	0.7588933379135367	29.25886235211113	0.0204119570553302	5.874844308100157e-10
137	0	[121, 145]	no	0.25	1	[11, 11]	0.05	0.001	0.01	0.5548101586411159	20.6329722624938	0.1115913093090057	3.7166217503595556e-09
138	0	[121, 145]	square	0.25	1	[11, 11]	0.05	0.001	0.001	0.8119418541318106	31.883158047981105	0.0101443184539675	2.725398494763941e-10
139	0	[121, 145]	no	0.25	1	[11, 11]	0.05	0.001	0.001	0.6162030608496541	24.088424564939924	0.0548684187233448	1.6066518531719616e-09
140	0	[121, 145]	no	0.25	1	[11, 11]	0.05	0.001	0.0001	0.6172834418491331	23.207195612762685	0.0653761774301529	1.8548000881009563e-09
141	0	[121, 145]	square	0.25	1	[11, 11]	0.05	0.001	0.01	0.755095625043484	29.68334951809412	0.0178837217390537	4.842070267913171e-10
142	0	[121, 145]	no	0.25	1	[11, 11]	0.05	0.0001	0.0001	0.6784423834806387	18.897102737979974	0.168406680226326	5.089150186554622e-09
143	0	[121, 145]	no	0.25	1	[11, 11]	0.05	0.0001	0.001	0.4754222243550136	15.48848273313508	0.3226896822452545	1.0386518839295557e-08
144	0	[121, 145]	square	0.25	1	[11, 11]	0.05	0.001	0.0001	0.8276729909039219	31.992854205984926	0.0099476054310798	2.8143574598449995e-10
145	0	[121, 145]	square	0.25	1	[11, 11]	0.05	0.0001	0.001	0.7671104258759096	30.20664851061088	0.0146250333636999	2.911852139608101e-10
146	0	[121, 145]	no	0.25	1	[11, 11]	0.05	0.0001	0.01	0.3393841492895468	13.429871473183802	0.3819210827350616	1.4235996400246031e-08
147	0	[121, 145]	square	0.25	1	[11, 11]	0.05	0.0001	0.01	0.7391280476393077	28.83318447422695	0.0224087964743375	4.293557612967072e-10
148	0	[121, 145]	square	0.25	1	[11, 11]	0.05	0.0001	0.0001	0.8321651553492057	32.75902616863925	0.0068809245713055	1.715960443723331e-10
149	0	[121, 145]	no	0.25	1	[13, 13]	0.0175	0.01	0.01	0.4502609535427917	17.048099314926176	0.1879950761795044	7.018075914472183e-09
150	0	[121, 145]	no	0.25	1	[13, 13]	0.0175	0.01	0.001	0.5039368313001632	19.53524414082317	0.1292382180690765	4.493724272960912e-09
151	0	[121, 145]	square	0.25	1	[13, 13]	0.0175	0.01	0.001	0.7466538333181911	28.882146834720853	0.0231279581785202	6.720276159653703e-10
152	0	[121, 145]	square	0.25	1	[13, 13]	0.0175	0.01	0.0001	0.7261912227759701	27.813398152657047	0.0291220471262931	9.256767897483967e-10
153	0	[121, 145]	no	0.25	1	[13, 13]	0.0175	0.001	0.001	0.7130057871741975	27.689761349934567	0.0296577960252761	8.077171764565556e-10
154	0	[121, 145]	no	0.25	1	[13, 13]	0.0175	0.01	0.0001	0.3806243025177405	16.979896737482456	0.2877510488033294	1.0091620445757832e-08
155	0	[121, 145]	no	0.25	1	[13, 13]	0.0175	0.001	0.01	0.528771781632728	18.68932448607672	0.1330360770225525	4.765953890552576e-09
156	0	[121, 145]	no	0.25	1	[13, 13]	0.0175	0.001	0.0001	0.4812813760712943	20.20147013285285	0.1304627954959869	4.2674127284087574e-09
157	0	[121, 145]	square	0.25	1	[13, 13]	0.0175	0.001	0.01	0.7678314737245245	30.127225853021827	0.0222507715225219	5.51608192648068e-10
158	0	[121, 145]	square	0.25	1	[13, 13]	0.0175	0.01	0.01	0.7287409227320126	28.370430156389247	0.0307418294250965	8.32912053691833e-10
159	0	[121, 145]	square	0.25	1	[13, 13]	0.0175	0.001	0.001	0.8090066058036377	31.542837487616243	0.0127530759200453	3.4666255593778984e-10
160	0	[121, 145]	no	0.25	1	[13, 13]	0.0175	0.0001	0.01	0.4535592497936407	17.454665983949333	0.1849457919597625	6.453434400801768e-09
161	0	[121, 145]	no	0.25	1	[13, 13]	0.0175	0.0001	0.0001	0.752185521468193	28.59859679556638	0.0210880525410175	4.665516554706371e-10
162	0	[121, 145]	square	0.25	1	[13, 13]	0.0175	0.001	0.0001	0.7612233647583904	29.54030447630513	0.0192137602716684	5.734061290132151e-10
163	0	[121, 145]	square	0.25	1	[13, 13]	0.0175	0.0001	0.01	0.7654021720953079	30.04240110210474	0.0191316157579422	4.347093064919464e-10
164	0	[121, 145]	no	0.25	1	[13, 13]	0.0175	0.0001	0.001	0.5958882020954094	22.49613478197925	0.0832509547472	2.315410677111537e-09
165	0	[121, 145]	square	0.25	1	[13, 13]	0.0175	0.0001	0.001	0.7993013436630846	31.571040424300158	0.0112272910773754	2.7330338872060686e-10
166	0	[121, 145]	square	0.25	1	[13, 13]	0.05	0.01	0.01	0.7650095840474436	29.73827821827072	0.0241399575024843	6.30008287826049e-10
167	0	[121, 145]	square	0.25	1	[13, 13]	0.0175	0.0001	0.0001	0.8119637339535897	31.71686679970913	0.0107105914503335	2.9398812787625537e-10
168	0	[121, 145]	square	0.25	1	[13, 13]	0.05	0.01	0.001	0.7937756216443805	30.92650334047386	0.0158292241394519	4.315893002480158e-10
169	0	[121, 145]	no	0.25	1	[13, 13]	0.05	0.01	0.001	0.5869439421425986	21.00195668454532	0.0961560606956482	3.293677827138074e-09
170	0	[121, 145]	no	0.25	1	[13, 13]	0.05	0.01	0.0001	0.4324727578870898	17.59883249113955	0.2141549885272979	7.66680096141604e-09
171	0	[121, 145]	square	0.25	1	[13, 13]	0.05	0.01	0.0001	0.7208451117089432	27.75765178253043	0.0293858591467142	9.282516204862885e-10
172	0	[121, 145]	no	0.25	1	[13, 13]	0.05	0.01	0.01	0.4640117561975726	17.32090500965389	0.1845489591360092	6.706105047087997e-09
173	0	[121, 145]	no	0.25	1	[13, 13]	0.05	0.001	0.0001	0.5585932131703123	21.80163405281648	0.0928593575954437	2.902869437050824e-09
174	0	[121, 145]	no	0.25	1	[13, 13]	0.05	0.001	0.001	0.6922925207835684	26.30644002657114	0.0397472903132438	1.1810196345994275e-09
175	0	[121, 145]	no	0.25	1	[13, 13]	0.05	0.001	0.01	0.5497410955270893	19.8720153786544	0.1231462210416793	4.230743040500292e-09
176	0	[121, 145]	square	0.25	1	[13, 13]	0.05	0.001	0.01	0.76191277986696	29.845209779711123	0.0215768404304981	5.472050815559343e-10
177	0	[121, 145]	square	0.25	1	[13, 13]	0.05	0.001	0.001	0.8138424181019362	31.890154378165697	0.0113274501636624	3.1247438258603117e-10
178	0	[121, 145]	square	0.25	1	[13, 13]	0.05	0.001	0.0001	0.7943370568763164	30.77010465214016	0.0141057828441262	4.089572897793294e-10
179	0	[121, 145]	square	0.25	1	[13, 13]	0.05	0.0001	0.001	0.7595827645233394	29.950766045248194	0.0153972068801522	3.1636274526419876e-10
180	0	[121, 145]	no	0.25	1	[13, 13]	0.05	0.0001	0.01	0.3356816537371985	13.46020730421766	0.4027194678783417	1.4607729344269569e-08
181	0	[121, 145]	square	0.25	1	[13, 13]	0.05	0.0001	0.01	0.7172658368839256	27.629942879772717	0.0303213074803352	6.032770129893916e-10
182	0	[121, 145]	no	0.25	1	[13, 13]	0.05	0.0001	0.0001	0.6536716196859451	17.828014238924744	0.2031548619270324	6.132074732398216e-09
183	0	[121, 145]	no	0.25	1	[13, 13]	0.05	0.0001	0.001	0.4709414895487218	15.354137052968394	0.3271017670631408	1.0460131243876452e-08
184	0	[121, 145]	square	0.25	1	[13, 13]	0.05	0.0001	0.0001	0.8269947260969538	32.366221065597486	0.0086165769025683	2.1828557828637954e-10
185	0	[121, 145]	square	0.25	5	[11, 11]	0.0175	0.01	0.001	0.9062144924818832	34.099547761304976	0.0073650567792356	2.2738311938634718e-10
186	0	[121, 145]	no	0.25	5	[11, 11]	0.0175	0.01	0.001	0.7781370347754158	24.3651455740629	0.0491085797548294	1.8022086830915038e-09
187	0	[121, 145]	square	0.25	5	[11, 11]	0.0175	0.01	0.0001	0.8481555222754521	30.186735697984663	0.0193571876734495	6.824674674734652e-10
188	0	[121, 145]	square	0.25	5	[11, 11]	0.0175	0.001	0.001	0.9649086043528085	39.49423591932827	0.001896625268273	4.664956231212717e-11
189	0	[121, 145]	no	0.25	5	[11, 11]	0.0175	0.01	0.01	0.3602566836416866	17.34665192828183	0.6503103971481323	1.554478638339757e-08
190	0	[121, 145]	no	0.25	5	[11, 11]	0.0175	0.01	0.0001	0.6305482616905685	19.5067008201185	0.1430050581693649	5.30882140783621e-09
191	0	[121, 145]	square	0.25	5	[11, 11]	0.0175	0.01	0.01	0.4798373356890503	20.07434426769231	0.1600882709026336	3.96699040988557e-09
192	0	[121, 145]	no	0.25	5	[11, 11]	0.0175	0.001	0.01	0.3526838853528902	16.713940047592054	0.6401461362838745	1.3989438146964658e-08
193	0	[121, 145]	square	0.25	5	[11, 11]	0.0175	0.001	0.0001	0.8764479992915278	32.21375232460363	0.0113448416814208	3.633537053842675e-10
194	0	[121, 145]	no	0.25	5	[11, 11]	0.0175	0.001	0.001	0.9028847500038164	32.93259840490531	0.0092288926243782	2.4699784888101236e-10
195	0	[121, 145]	no	0.25	5	[11, 11]	0.0175	0.0001	0.01	0.3720871982401731	16.258837303821263	0.6549481749534607	1.0695045768017969e-08
196	0	[121, 145]	no	0.25	5	[11, 11]	0.0175	0.001	0.0001	0.7352885822197811	23.974761100734334	0.0667299777269363	2.4435225403277567e-09
197	0	[121, 145]	square	0.25	5	[11, 11]	0.0175	0.0001	0.0001	0.932476084514618	36.37201004731764	0.003451005090028	8.024726636454004e-11
198	0	[121, 145]	no	0.25	5	[11, 11]	0.0175	0.0001	0.001	0.8479042377248981	32.63652368312776	0.0088914204388856	1.969958708087561e-10
199	0	[121, 145]	square	0.25	5	[11, 11]	0.05	0.01	0.01	0.3717607337471732	16.935912318020094	0.3205138742923736	6.495766700270687e-09
200	0	[121, 145]	square	0.25	5	[11, 11]	0.0175	0.0001	0.01	0.5233530120577704	21.73482900430088	0.108757235109806	2.403905525443798e-09
201	0	[121, 145]	square	0.25	5	[11, 11]	0.0175	0.0001	0.001	0.978202922607022	41.80513377436903	0.0008753160946071	2.1598880064595944e-11
202	0	[121, 145]	no	0.25	5	[11, 11]	0.0175	0.0001	0.0001	0.7344225654518127	26.996693294180467	0.0358880124986171	1.021263795793769e-09
203	0	[121, 145]	square	0.25	5	[11, 11]	0.0175	0.001	0.01	0.5305333394464544	21.83230269711104	0.102826327085495	2.278180823243118e-09
204	0	[121, 145]	square	0.25	5	[11, 11]	0.05	0.01	0.001	0.9436257174448393	36.6808007519008	0.0037769475020468	1.0752262759759889e-10
205	0	[121, 145]	no	0.25	5	[11, 11]	0.05	0.01	0.01	0.4035652698706966	18.450761080611805	0.5393146872520447	1.2471994347261185e-08
206	0	[121, 145]	square	0.25	5	[11, 11]	0.05	0.01	0.0001	0.8495148386183528	29.95577255901912	0.0212919600307941	7.553431675653395e-10
207	0	[121, 145]	no	0.25	5	[11, 11]	0.05	0.001	0.0001	0.7457561963761481	25.338430645176416	0.0434354543685913	1.477320523256364e-09
208	0	[121, 145]	no	0.25	5	[11, 11]	0.05	0.01	0.001	0.8407113159593077	27.24529031248564	0.0238034725189209	7.5369213692769e-10
209	0	[121, 145]	no	0.25	5	[11, 11]	0.05	0.01	0.0001	0.6885153068484271	21.570013649578847	0.0971242859959602	3.6277574098585767e-09
210	0	[121, 145]	no	0.25	5	[11, 11]	0.05	0.0001	0.01	0.2790083749910708	14.80582031383596	1.058701515197754	1.4183664093424664e-08
211	0	[121, 145]	no	0.25	5	[11, 11]	0.05	0.001	0.001	0.9399712230009524	36.9823515953084	0.0047092894092202	1.126548843520821e-10
212	0	[121, 145]	square	0.25	5	[11, 11]	0.05	0.001	0.01	0.3094861147577536	14.614308475141636	0.467853844165802	9.460207344583556e-09
213	0	[121, 145]	no	0.25	5	[11, 11]	0.05	0.001	0.01	0.2642174858074799	15.416581910258811	0.9537151455879213	1.4348298675250104e-08
214	0	[121, 145]	square	0.25	5	[11, 11]	0.05	0.0001	0.01	0.3190580082413556	14.156619333532152	0.5298458337783813	1.1015321532657752e-08
215	0	[121, 145]	no	0.25	5	[11, 11]	0.05	0.0001	0.0001	0.5694870674857508	21.227712648624667	0.1132351532578468	3.4434787475351703e-09
216	0	[121, 145]	square	0.25	5	[11, 11]	0.05	0.001	0.0001	0.90016283011324	33.92856175708084	0.0078861871734261	2.395895681736414e-10
217	0	[121, 145]	no	0.25	5	[11, 11]	0.05	0.0001	0.001	0.6344459973892087	24.589867832044487	0.0535658970475196	1.5712542318018067e-09
218	0	[121, 145]	square	0.25	5	[11, 11]	0.05	0.0001	0.001	0.964981176599676	40.206825502604445	0.0012606775853782	2.9914565654514714e-11
219	0	[121, 145]	no	0.25	5	[13, 13]	0.0175	0.01	0.001	0.7596207764589484	24.15450148369073	0.0560234673321247	2.0753563632710796e-09
220	0	[121, 145]	square	0.25	5	[11, 11]	0.05	0.001	0.001	0.9836632374376382	42.32283151776948	0.0008746337261982	2.176515416815567e-11
221	0	[121, 145]	square	0.25	5	[11, 11]	0.05	0.0001	0.0001	0.9108779791221776	34.6161569675684	0.0049034375697374	1.1975111588638183e-10
222	0	[121, 145]	square	0.25	5	[13, 13]	0.0175	0.01	0.001	0.9130117951234248	34.646639786261176	0.006921702530235	2.0891217438630119e-10
223	0	[121, 145]	no	0.25	5	[13, 13]	0.0175	0.01	0.01	0.0606309877704432	4.520268874886067	4.652280807495117	1.0262274284712425e-07
224	0	[121, 145]	square	0.25	5	[13, 13]	0.0175	0.01	0.01	8.480359375540071e-07	-17.979855844304723	32815322.0	1.258275946237967
225	0	[121, 145]	square	0.25	5	[13, 13]	0.0175	0.001	0.01	9.590365573215348e-07	-14.280619724891332	27786996.0	1.1040716906606471
226	0	[121, 145]	no	0.25	5	[13, 13]	0.05	0.0001	0.0001	0.5099177413010297	19.451684814217263	0.1556607037782669	5.202164756069042e-09
227	0	[4, 4]	square	0.125	1	[11, 11]	0.0175	0.01	0.01	1.0	inf	0.0	0.0
228	0	[121, 145]	no	0.25	5	[13, 13]	0.0175	0.01	0.0001	0.7157779941541407	22.836725476468548	0.086483895778656	3.186360345611946e-09
229	0	[4, 4]	no	0.125	1	[11, 11]	0.0175	0.01	0.01	0.898480414254248	34.971241682954776	0.0101163610816001	2.0152317963412857e-10
230	0	[4, 4]	no	0.125	1	[11, 11]	0.0175	0.01	0.001	0.8660221908669838	31.894717502518045	0.0164531432092189	3.5450837576905856e-10
231	0	[4, 4]	square	0.125	1	[11, 11]	0.0175	0.01	0.001	1.0	inf	0.0	0.0
232	0	[4, 4]	no	0.125	1	[11, 11]	0.0175	0.01	0.0001	0.6500331748564933	22.067283365387457	0.0668050050735473	2.329015145699957e-09
233	0	[4, 4]	no	0.125	1	[11, 11]	0.0175	0.001	0.01	0.6796217326492232	26.078838794230226	0.0393073037266731	1.0386496977799124e-09
234	0	[121, 145]	no	0.25	5	[13, 13]	0.0175	0.001	0.01	0.1744717165668483	10.508077605574153	1.7154580354690552	2.4906665581010228e-08
235	0	[4, 4]	square	0.125	1	[11, 11]	0.0175	0.001	0.01	1.0	inf	0.0	0.0
236	0	[121, 145]	square	0.25	5	[13, 13]	0.0175	0.01	0.0001	0.8181656459830624	29.34251189398608	0.0281801261007785	1.0084662679112588e-09
237	0	[121, 145]	no	0.25	5	[13, 13]	0.0175	0.0001	0.001	0.8555051879024628	33.648153094685604	0.0076938038691878	1.6492453315821875e-10
238	0	[4, 4]	square	0.125	1	[11, 11]	0.0175	0.01	0.0001	1.0	inf	0.0	0.0
239	0	[4, 4]	square	0.125	1	[11, 11]	0.0175	0.001	0.001	1.0	inf	0.0	0.0
240	0	[4, 4]	square	0.125	1	[11, 11]	0.0175	0.001	0.0001	1.0	inf	0.0	0.0
241	0	[4, 4]	no	0.125	1	[11, 11]	0.0175	0.001	0.0001	0.592981190361999	22.429769515799865	0.087989754974842	2.4339694763892542e-09
242	0	[4, 4]	no	0.125	1	[11, 11]	0.0175	0.001	0.001	0.8692375547883474	31.926161252231104	0.0163097865879535	3.5380582467324004e-10
243	0	[4, 4]	no	0.125	1	[11, 11]	0.0175	0.0001	0.01	0.6493972722244693	24.895032150505315	0.0505869165062904	1.295735375863618e-09
244	0	[4, 4]	square	0.125	1	[11, 11]	0.0175	0.0001	0.01	1.0	inf	0.0	0.0
245	0	[4, 4]	no	0.125	1	[11, 11]	0.0175	0.0001	0.001	0.6317991425343741	23.99282360080393	0.0662311539053917	1.6638779396036264e-09
246	0	[4, 4]	square	0.125	1	[11, 11]	0.0175	0.0001	0.001	1.0	inf	0.0	0.0
247	0	[4, 4]	no	0.125	1	[11, 11]	0.0175	0.0001	0.0001	0.5898404665446081	21.86177665439041	0.0944519937038421	2.6317558962785892e-09
248	0	[4, 4]	square	0.125	1	[11, 11]	0.0175	0.0001	0.0001	1.0	inf	0.0	0.0
249	0	[4, 4]	no	0.125	1	[11, 11]	0.05	0.01	0.01	0.6722497285100059	25.765318359741705	0.0421914979815483	1.1401283080547303e-09
250	0	[4, 4]	square	0.125	1	[11, 11]	0.05	0.01	0.001	1.0	inf	0.0	0.0
251	0	[4, 4]	no	0.125	1	[11, 11]	0.05	0.01	0.001	0.6220893285617256	23.656313509168815	0.075022853910923	1.8191409466276114e-09
252	0	[4, 4]	no	0.125	1	[11, 11]	0.05	0.01	0.0001	0.6248690290169635	22.018945400438994	0.0746790319681167	2.4503063151392404e-09
253	0	[4, 4]	square	0.125	1	[11, 11]	0.05	0.01	0.01	1.0	inf	0.0	0.0
254	0	[4, 4]	square	0.125	1	[11, 11]	0.05	0.01	0.0001	1.0	inf	0.0	0.0
255	0	[4, 4]	no	0.125	1	[11, 11]	0.05	0.001	0.01	0.6822746234546263	26.10775524216241	0.0399959869682788	1.03737111161644e-09
256	0	[4, 4]	no	0.125	1	[11, 11]	0.05	0.001	0.001	0.6843171731995025	26.14447395944309	0.0387221165001392	9.953050798093632e-10
257	0	[4, 4]	no	0.125	1	[11, 11]	0.05	0.001	0.0001	0.4914901614708952	20.113935252677607	0.1770402789115905	4.628480750370708e-09
258	0	[4, 4]	no	0.125	1	[11, 11]	0.05	0.0001	0.01	0.5918058206968771	22.60651302671615	0.09024228900671	2.301066816295689e-09
259	0	[4, 4]	square	0.125	1	[11, 11]	0.05	0.001	0.001	1.0	inf	0.0	0.0
260	0	[4, 4]	square	0.125	1	[11, 11]	0.05	0.001	0.01	1.0	inf	0.0	0.0
261	0	[4, 4]	square	0.125	1	[11, 11]	0.05	0.001	0.0001	1.0	inf	0.0	0.0
262	0	[4, 4]	square	0.125	1	[11, 11]	0.05	0.0001	0.01	1.0	inf	0.0	0.0
263	0	[4, 4]	no	0.125	1	[11, 11]	0.05	0.0001	0.001	0.5969831540065593	22.496712769839128	0.107863038778305	2.859180582509966e-09
264	0	[4, 4]	square	0.125	1	[11, 11]	0.05	0.0001	0.001	1.0	inf	0.0	0.0
265	0	[4, 4]	no	0.125	1	[11, 11]	0.05	0.0001	0.0001	0.5224854257171502	19.82529043428371	0.1724243909120559	4.4179887767336e-09
266	0	[4, 4]	square	0.125	1	[11, 11]	0.05	0.0001	0.0001	1.0	inf	0.0	0.0
267	0	[4, 4]	no	0.125	1	[13, 13]	0.0175	0.01	0.01	0.91618630907122	36.41853904084183	0.006664375308901	1.3416069948426863e-10
268	0	[4, 4]	square	0.125	1	[13, 13]	0.0175	0.01	0.001	1.0	inf	0.0	0.0
269	0	[4, 4]	no	0.125	1	[13, 13]	0.0175	0.01	0.0001	0.6233796138434782	22.722586611062784	0.0709409639239311	2.3316985209922372e-09
270	0	[4, 4]	square	0.125	1	[13, 13]	0.0175	0.01	0.01	1.0	inf	0.0	0.0
271	0	[4, 4]	square	0.125	1	[13, 13]	0.0175	0.01	0.0001	1.0	inf	0.0	0.0
272	0	[4, 4]	no	0.125	1	[13, 13]	0.0175	0.01	0.001	0.8821615077505002	32.75670950161562	0.0134435826912522	2.9177256826102517e-10
273	0	[4, 4]	no	0.125	1	[13, 13]	0.0175	0.001	0.01	0.6808567254714205	26.17928303437307	0.0378581546247005	9.774809863258003e-10
274	0	[4, 4]	square	0.125	1	[13, 13]	0.0175	0.001	0.001	1.0	inf	0.0	0.0
275	0	[4, 4]	no	0.125	1	[13, 13]	0.0175	0.001	0.001	0.8848654628319891	32.81501170107219	0.0132970409467816	2.9021036587751806e-10
276	0	[4, 4]	square	0.125	1	[13, 13]	0.0175	0.001	0.0001	1.0	inf	0.0	0.0
277	0	[4, 4]	square	0.125	1	[13, 13]	0.0175	0.001	0.01	1.0	inf	0.0	0.0
278	0	[4, 4]	no	0.125	1	[13, 13]	0.0175	0.0001	0.01	0.6677176667017606	25.49878776892468	0.0459012761712074	1.2336823528768431e-09
279	0	[4, 4]	no	0.125	1	[13, 13]	0.0175	0.001	0.0001	0.6226162627736264	23.45186888283084	0.0778762102127075	2.1657027209770027e-09
280	0	[4, 4]	square	0.125	1	[13, 13]	0.0175	0.0001	0.01	1.0	inf	0.0	0.0
281	0	[121, 145]	square	0.25	10	[13, 13]	0.05	0.001	0.01	2.38324235886055e-08	-15.622744435892002	1759638974365696.0	68956734.32235433
282	0	[4, 4]	no	0.125	1	[13, 13]	0.0175	0.0001	0.001	0.6521034685389028	24.555339138824134	0.0609747730195522	1.5757961085661442e-09
283	0	[4, 4]	square	0.125	1	[13, 13]	0.0175	0.0001	0.001	1.0	inf	0.0	0.0
284	0	[4, 4]	no	0.125	1	[13, 13]	0.0175	0.0001	0.0001	0.6227496744928853	23.031307134788914	0.0809561684727668	2.2735627308612167e-09
285	0	[121, 145]	square	0.25	10	[13, 13]	0.05	0.001	0.0001	0.9260057782862556	34.94823808113621	0.0073298718780279	2.2749728676289962e-10
286	0	[4, 4]	no	0.125	1	[13, 13]	0.05	0.01	0.01	0.6699200152644004	25.480455963081788	0.0442337095737457	1.1823587454245415e-09
287	0	[4, 4]	square	0.125	1	[13, 13]	0.0175	0.0001	0.0001	1.0	inf	0.0	0.0
288	0	[4, 4]	no	0.125	1	[13, 13]	0.05	0.01	0.0001	0.650267302992958	23.342554768015088	0.0629158765077591	2.046518156545982e-09
289	0	[4, 4]	no	0.125	1	[13, 13]	0.05	0.001	0.01	0.6658744308931912	25.404397036190996	0.0458124764263629	1.217434657124798e-09
290	0	[4, 4]	square	0.125	1	[13, 13]	0.05	0.01	0.0001	1.0	inf	0.0	0.0
291	0	[4, 4]	square	0.125	1	[13, 13]	0.05	0.01	0.01	1.0	inf	0.0	0.0
292	0	[4, 4]	no	0.125	1	[13, 13]	0.05	0.01	0.001	0.7079159473342647	27.096173892945306	0.0324873551726341	8.502420041806774e-10
293	0	[4, 4]	square	0.125	1	[13, 13]	0.05	0.01	0.001	1.0	inf	0.0	0.0
294	0	[4, 4]	square	0.125	1	[13, 13]	0.05	0.001	0.01	1.0	inf	0.0	0.0
295	0	[4, 4]	no	0.125	1	[13, 13]	0.05	0.001	0.0001	0.4954876561916779	20.71798633340022	0.1536483317613601	4.1169873999598295e-09
296	0	[4, 4]	square	0.125	1	[13, 13]	0.05	0.001	0.0001	1.0	inf	0.0	0.0
297	0	[4, 4]	square	0.125	1	[13, 13]	0.05	0.001	0.001	1.0	inf	0.0	0.0
298	0	[4, 4]	no	0.125	1	[13, 13]	0.05	0.0001	0.001	0.6089976661810177	22.974827747162063	0.1003642156720161	2.6482951972399247e-09
299	0	[4, 4]	square	0.125	1	[13, 13]	0.05	0.0001	0.01	1.0	inf	0.0	0.0
300	0	[4, 4]	square	0.125	1	[13, 13]	0.05	0.0001	0.001	1.0	inf	0.0	0.0
301	0	[4, 4]	no	0.125	1	[13, 13]	0.05	0.0001	0.0001	0.5401355556184672	20.71417050853412	0.1545731723308563	3.980804558457677e-09
302	0	[4, 4]	square	0.125	1	[13, 13]	0.05	0.0001	0.0001	1.0	inf	0.0	0.0
303	0	[4, 4]	no	0.125	5	[11, 11]	0.0175	0.01	0.01	0.2032116493188776	9.389441078287248	1.7749165296554563	3.8966348668514564e-08
304	0	[4, 4]	no	0.125	5	[11, 11]	0.0175	0.01	0.001	0.9543461667155204	38.51205351603966	0.0037801393773406	7.725177661174629e-11
305	0	[4, 4]	no	0.125	5	[11, 11]	0.0175	0.01	0.0001	0.8672028178215656	32.16427130223447	0.0104168439283967	2.8928365431849055e-10
306	0	[4, 4]	square	0.125	5	[11, 11]	0.0175	0.01	0.001	1.0	inf	0.0	0.0
307	0	[4, 4]	square	0.125	5	[11, 11]	0.0175	0.01	0.0001	1.0	inf	0.0	0.0
308	0	[4, 4]	square	0.125	5	[11, 11]	0.0175	0.001	0.001	1.0	inf	0.0	0.0
309	0	[4, 4]	no	0.125	5	[11, 11]	0.0175	0.001	0.01	0.2477935846788583	13.765730558998175	1.0490052700042725	2.0429448430450432e-08
310	0	[4, 4]	no	0.125	5	[11, 11]	0.0175	0.001	0.001	0.9524749460578976	38.420624411139286	0.0038894375320523	8.215893785401008e-11
311	0	[4, 4]	no	0.125	5	[11, 11]	0.0175	0.001	0.0001	0.8627141796178499	32.45854942929737	0.0105199636891484	2.408663820529373e-10
312	0	[4, 4]	square	0.125	5	[11, 11]	0.0175	0.001	0.0001	1.0	inf	0.0	0.0
313	0	[4, 4]	no	0.125	5	[11, 11]	0.0175	0.0001	0.01	0.1996395846453771	9.491315442359763	2.811269998550415	7.060084647447442e-08
314	0	[4, 4]	square	0.125	5	[11, 11]	0.0175	0.001	0.01	1.0	inf	0.0	0.0
315	0	[4, 4]	square	0.125	5	[11, 11]	0.0175	0.0001	0.01	1.0	inf	0.0	0.0
316	0	[4, 4]	no	0.125	5	[11, 11]	0.0175	0.0001	0.001	0.881838158556319	32.43407906215806	0.0111078321933746	2.5201346726186564e-10
317	0	[4, 4]	no	0.125	5	[11, 11]	0.0175	0.0001	0.0001	0.8973711552561582	33.227952829437434	0.0108076762408018	2.4256827462106126e-10
318	0	[4, 4]	square	0.125	5	[11, 11]	0.0175	0.0001	0.0001	1.0	inf	0.0	0.0
319	0	[4, 4]	no	0.125	5	[11, 11]	0.05	0.01	0.01	0.2192344683325632	12.109506809232254	1.7933541536331177	3.624419801373992e-08
320	0	[4, 4]	square	0.125	5	[11, 11]	0.05	0.001	0.001	1.0	inf	0.0	0.0
321	0	[4, 4]	no	0.125	5	[11, 11]	0.05	0.01	0.001	0.9645136058809136	38.62921193675257	0.0040849479846656	8.828983276444768e-11
322	0	[4, 4]	square	0.125	5	[11, 11]	0.05	0.01	0.001	1.0	inf	0.0	0.0
323	0	[4, 4]	square	0.125	5	[11, 11]	0.05	0.01	0.0001	1.0	inf	0.0	0.0
324	0	[4, 4]	no	0.125	5	[11, 11]	0.05	0.001	0.01	0.2937984077702616	15.348471537009122	0.7564054131507874	1.3792248939173621e-08
325	0	[4, 4]	no	0.125	5	[11, 11]	0.05	0.001	0.001	0.8741714925138497	32.37023617463099	0.0114798098802566	2.69822289317962e-10
326	0	[4, 4]	no	0.125	5	[11, 11]	0.05	0.0001	0.01	0.2788771300489143	15.112444558056724	0.834083080291748	1.511714725019306e-08
327	0	[4, 4]	no	0.125	5	[11, 11]	0.05	0.001	0.0001	0.9231218653590176	34.57401063675383	0.0080288350582122	1.7823993808133866e-10
328	0	[4, 4]	no	0.125	5	[11, 11]	0.05	0.0001	0.0001	0.8315277020874238	30.3026399944768	0.0181330684572458	3.9884023435480336e-10
329	0	[4, 4]	square	0.125	5	[11, 11]	0.05	0.001	0.0001	1.0	inf	0.0	0.0
330	0	[4, 4]	square	0.125	5	[11, 11]	0.05	0.0001	0.01	1.0	inf	0.0	0.0
331	0	[4, 4]	no	0.125	5	[11, 11]	0.05	0.0001	0.001	0.8161552998574728	29.09999206552824	0.0283206161111593	5.540629322345116e-10
332	0	[4, 4]	no	0.125	5	[13, 13]	0.0175	0.01	0.01	0.0829437991348067	-1.7526162937575376	16.112144470214844	5.131362718880757e-07
333	0	[4, 4]	square	0.125	5	[11, 11]	0.05	0.001	0.01	1.0	inf	0.0	0.0
334	0	[4, 4]	square	0.125	5	[11, 11]	0.05	0.0001	0.001	1.0	inf	0.0	0.0
335	0	[4, 4]	no	0.125	5	[13, 13]	0.0175	0.01	0.001	0.966254391983676	38.657896449725136	0.0036225167568773	7.647674986607919e-11
336	0	[4, 4]	square	0.125	5	[11, 11]	0.05	0.0001	0.0001	1.0	inf	0.0	0.0
337	0	[4, 4]	square	0.125	5	[13, 13]	0.0175	0.01	0.001	1.0	inf	0.0	0.0
338	0	[4, 4]	no	0.125	5	[13, 13]	0.0175	0.001	0.01	0.0159211899707957	-34.05488932878788	20674.955078125	0.0008349141013169
339	0	[4, 4]	square	0.125	5	[13, 13]	0.0175	0.01	0.01	1.0	inf	0.0	0.0
340	0	[4, 4]	square	0.125	5	[13, 13]	0.0175	0.001	0.001	1.0	inf	0.0	0.0
341	0	[4, 4]	square	0.125	5	[13, 13]	0.0175	0.001	0.0001	1.0	inf	0.0	0.0
342	0	[4, 4]	no	0.125	5	[13, 13]	0.0175	0.01	0.0001	0.873626690172259	32.65032245611826	0.0098842633888125	2.68587204920323e-10
343	0	[4, 4]	no	0.125	5	[13, 13]	0.0175	0.0001	0.01	0.0762812874902476	-18.07465307131754	515.7012939453125	2.10931437602764e-05
344	0	[4, 4]	square	0.125	5	[13, 13]	0.0175	0.01	0.0001	1.0	inf	0.0	0.0
345	0	[4, 4]	square	0.125	5	[13, 13]	0.0175	0.001	0.01	1.0	inf	0.0	0.0
346	0	[4, 4]	no	0.125	5	[13, 13]	0.0175	0.0001	0.001	0.8585052209866053	31.255403550606697	0.0145431384444236	3.0462430070752656e-10
347	0	[4, 4]	no	0.125	5	[13, 13]	0.0175	0.001	0.001	0.943284114419266	36.61133070678741	0.0046512484550476	1.0292534562762737e-10
348	0	[4, 4]	square	0.125	5	[13, 13]	0.0175	0.0001	0.001	1.0	inf	0.0	0.0
349	0	[4, 4]	no	0.125	5	[13, 13]	0.0175	0.001	0.0001	0.8600673344583921	31.896431819952635	0.0123829245567321	3.4129531973468754e-10
350	0	[4, 4]	square	0.125	5	[13, 13]	0.0175	0.0001	0.0001	1.0	inf	0.0	0.0
351	0	[4, 4]	square	0.125	5	[13, 13]	0.0175	0.0001	0.01	1.0	inf	0.0	0.0
352	0	[4, 4]	no	0.125	5	[13, 13]	0.05	0.01	0.001	0.9529850472649464	37.7533085763885	0.0036283971276134	7.789361034607327e-11
353	0	[4, 4]	no	0.125	5	[13, 13]	0.05	0.01	0.0001	0.8313277365971019	30.241145318619587	0.0171920638531446	4.678483538512572e-10
354	0	[4, 4]	no	0.125	5	[13, 13]	0.05	0.001	0.01	0.1138811081604457	-13.554148992343045	209.09288024902344	8.597968966285126e-06
355	0	[4, 4]	no	0.125	5	[13, 13]	0.0175	0.0001	0.0001	0.889149737836381	32.95510184828557	0.0120037049055099	2.736044515179805e-10
356	0	[4, 4]	no	0.125	5	[13, 13]	0.05	0.01	0.01	0.1603241501855273	6.961383474301296	3.081485748291016	6.997543193436267e-08
357	0	[4, 4]	square	0.125	5	[13, 13]	0.05	0.01	0.01	1.0	inf	0.0	0.0
358	0	[4, 4]	no	0.125	5	[13, 13]	0.05	0.001	0.001	0.9316707772081632	35.62102352029	0.0071690017357468	1.5923064737083308e-10
359	0	[4, 4]	square	0.125	5	[13, 13]	0.05	0.01	0.001	1.0	inf	0.0	0.0
360	0	[4, 4]	square	0.125	5	[13, 13]	0.05	0.001	0.001	1.0	inf	0.0	0.0
361	0	[4, 4]	no	0.125	5	[13, 13]	0.05	0.001	0.0001	0.9219974650500932	34.70878897204348	0.008784850127995	1.9748979920010158e-10
362	0	[4, 4]	square	0.125	5	[13, 13]	0.05	0.01	0.0001	1.0	inf	0.0	0.0
363	0	[4, 4]	no	0.125	5	[13, 13]	0.05	0.0001	0.001	0.8238259394454048	28.89345530688413	0.0291855577379465	5.808493500118444e-10
364	0	[4, 4]	square	0.125	5	[13, 13]	0.05	0.001	0.01	1.0	inf	0.0	0.0
365	0	[4, 4]	no	0.125	5	[13, 13]	0.05	0.0001	0.0001	0.8274066655825509	30.77891454046009	0.0186509117484092	4.056944299126882e-10
366	0	[4, 4]	square	0.125	5	[13, 13]	0.05	0.0001	0.0001	1.0	inf	0.0	0.0
367	0	[4, 4]	square	0.125	5	[13, 13]	0.05	0.001	0.0001	1.0	inf	0.0	0.0
368	0	[4, 4]	no	0.125	5	[13, 13]	0.05	0.0001	0.01	0.1980551915268325	-2.0399553190435373	14.526288032531738	4.95089887698321e-07
369	0	[4, 4]	square	0.125	5	[13, 13]	0.05	0.0001	0.01	1.0	inf	0.0	0.0
370	0	[4, 4]	square	0.125	10	[11, 11]	0.0175	0.01	0.01	1.0	inf	0.0	0.0
371	0	[4, 4]	square	0.125	5	[13, 13]	0.05	0.0001	0.001	1.0	inf	0.0	0.0
372	0	[4, 4]	square	0.125	10	[11, 11]	0.0175	0.01	0.001	1.0	inf	0.0	0.0
373	0	[4, 4]	no	0.125	10	[11, 11]	0.0175	0.01	0.0001	0.8964261533086489	33.19914828298462	0.0079312967136502	2.13061697581433e-10
374	0	[4, 4]	no	0.125	10	[11, 11]	0.0175	0.01	0.01	1.624116488592194e-05	-94.38548902348236	431946661888.0	17040.927208606125
375	0	[4, 4]	no	0.125	10	[11, 11]	0.0175	0.001	0.001	0.9335742120634966	35.69469721495881	0.0052990578114986	1.1302527309694323e-10
376	0	[4, 4]	square	0.125	10	[11, 11]	0.0175	0.001	0.0001	1.0	inf	0.0	0.0
377	0	[4, 4]	no	0.125	10	[11, 11]	0.0175	0.01	0.001	0.93739425178045	35.09526475232261	0.0057081640698015	1.2126990251637512e-10
378	0	[4, 4]	square	0.125	10	[11, 11]	0.0175	0.01	0.0001	1.0	inf	0.0	0.0
379	0	[4, 4]	no	0.125	10	[11, 11]	0.0175	0.001	0.01	6.322208434250536e-06	-97.02985431343184	2027161078726656.0	85248227.30936858
380	0	[4, 4]	square	0.125	10	[11, 11]	0.0175	0.0001	0.01	1.0	inf	0.0	0.0
381	0	[4, 4]	square	0.125	10	[11, 11]	0.0175	0.001	0.01	1.0	inf	0.0	0.0
382	0	[4, 4]	no	0.125	10	[11, 11]	0.0175	0.0001	0.001	0.8816026246310131	31.648168039231663	0.0117992991581559	2.6075984962519603e-10
383	0	[4, 4]	square	0.125	10	[11, 11]	0.0175	0.001	0.001	1.0	inf	0.0	0.0
384	0	[4, 4]	no	0.125	10	[11, 11]	0.0175	0.001	0.0001	0.8827564522305947	33.838154889397	0.0082908207550644	1.844585836160606e-10
385	0	[4, 4]	no	0.125	10	[11, 11]	0.05	0.01	0.01	1.0193761807270549e-06	-90.6711774112038	2.249087327089459e+16	896531883.2939501
386	0	[4, 4]	no	0.125	10	[11, 11]	0.0175	0.0001	0.01	2.9347336686069853e-06	-91.56392722082332	6622047685836800.0	251453289.40011856
387	0	[4, 4]	no	0.125	10	[11, 11]	0.05	0.01	0.001	0.9569665715367944	38.17266851343148	0.0030704960227012	6.631766750793059e-11
388	0	[4, 4]	no	0.125	10	[11, 11]	0.0175	0.0001	0.0001	0.9121828759105748	34.18458350157681	0.0091811856254935	2.06412649887313e-10
389	0	[4, 4]	square	0.125	10	[11, 11]	0.0175	0.0001	0.001	1.0	inf	0.0	0.0
390	0	[4, 4]	square	0.125	10	[11, 11]	0.0175	0.0001	0.0001	1.0	inf	0.0	0.0
391	0	[4, 4]	square	0.125	10	[11, 11]	0.05	0.01	0.0001	1.0	inf	0.0	0.0
392	0	[4, 4]	square	0.125	10	[11, 11]	0.05	0.01	0.01	1.0	inf	0.0	0.0
393	0	[4, 4]	square	0.125	10	[11, 11]	0.05	0.001	0.01	1.0	inf	0.0	0.0
394	0	[4, 4]	square	0.125	10	[11, 11]	0.05	0.01	0.001	1.0	inf	0.0	0.0
395	0	[4, 4]	no	0.125	10	[11, 11]	0.05	0.01	0.0001	0.8495064425675765	30.63710244595312	0.018122037872672	4.142855442662767e-10
396	0	[4, 4]	square	0.125	10	[11, 11]	0.05	0.001	0.0001	1.0	inf	0.0	0.0
397	0	[4, 4]	square	0.125	10	[11, 11]	0.05	0.0001	0.01	1.0	inf	0.0	0.0
398	0	[4, 4]	no	0.125	10	[11, 11]	0.05	0.001	0.01	7.903232439769677e-05	-94.8751930173171	15741481910272.0	611764.3619888276
399	0	[4, 4]	no	0.125	10	[11, 11]	0.05	0.0001	0.0001	0.8652493420519843	32.328008651184504	0.0151048442348837	3.3686641651810183e-10
400	0	[4, 4]	no	0.125	10	[11, 11]	0.05	0.0001	0.01	1.063352584691527e-06	-93.7855299229942	1.3493320512700416e+16	547830002.023156
401	0	[4, 4]	no	0.125	10	[11, 11]	0.05	0.001	0.001	0.8777473848962609	31.3753507152246	0.0137646179646253	3.016587897552926e-10
402	0	[4, 4]	no	0.125	10	[11, 11]	0.05	0.001	0.0001	0.933332035354592	35.566846775848084	0.0066198105923831	1.484247824594437e-10
403	0	[4, 4]	square	0.125	10	[11, 11]	0.05	0.001	0.001	1.0	inf	0.0	0.0
404	0	[4, 4]	square	0.125	10	[11, 11]	0.05	0.0001	0.0001	1.0	inf	0.0	0.0
405	0	[4, 4]	square	0.125	10	[11, 11]	0.05	0.0001	0.001	1.0	inf	0.0	0.0
406	0	[4, 4]	no	0.125	10	[11, 11]	0.05	0.0001	0.001	0.8388393168101984	28.41349169838964	0.0243042651563882	5.274232109430001e-10
407	0	[4, 4]	square	0.125	10	[13, 13]	0.0175	0.01	0.01	1.0	inf	0.0	0.0
408	0	[4, 4]	no	0.125	10	[13, 13]	0.0175	0.001	0.01	7.228342664676265e-07	-89.13055205008936	4787431467384832.0	188011716.80950865
409	0	[4, 4]	no	0.125	10	[13, 13]	0.0175	0.01	0.001	0.9656852450086246	39.80602347235383	0.0024565677158534	5.0760338263541936e-11
410	0	[4, 4]	square	0.125	10	[13, 13]	0.0175	0.001	0.001	1.0	inf	0.0	0.0
411	0	[4, 4]	no	0.125	10	[13, 13]	0.0175	0.01	0.01	3.1375413475662704e-08	-80.78647097573773	313421446774784.0	12383103.549436685
412	0	[4, 4]	no	0.125	10	[13, 13]	0.0175	0.001	0.0001	0.8789348097036531	32.77577809131139	0.0093033863231539	2.5082211423258446e-10
413	0	[4, 4]	square	0.125	10	[13, 13]	0.0175	0.01	0.001	1.0	inf	0.0	0.0
414	0	[4, 4]	no	0.125	10	[13, 13]	0.0175	0.01	0.0001	0.8966854326068895	33.731248429066355	0.0069352849386632	1.8210845978771554e-10
415	0	[4, 4]	square	0.125	10	[13, 13]	0.0175	0.01	0.0001	1.0	inf	0.0	0.0
416	0	[4, 4]	square	0.125	10	[13, 13]	0.0175	0.001	0.01	1.0	inf	0.0	0.0
417	0	[4, 4]	no	0.125	10	[13, 13]	0.0175	0.0001	0.01	4.890739352761407e-07	-93.3519270950134	7079714569060352.0	282708246.80321485
418	0	[4, 4]	no	0.125	10	[13, 13]	0.0175	0.001	0.001	0.915041031690705	33.43484089309021	0.0084652658551931	1.9325922801053358e-10
419	0	[4, 4]	no	0.125	10	[13, 13]	0.0175	0.0001	0.001	0.8838231001380945	31.77888202618187	0.0140789318829774	3.1204022247588215e-10
420	0	[4, 4]	square	0.125	10	[13, 13]	0.0175	0.001	0.0001	1.0	inf	0.0	0.0
421	0	[4, 4]	square	0.125	10	[13, 13]	0.05	0.01	0.01	1.0	inf	0.0	0.0
422	0	[4, 4]	square	0.125	10	[13, 13]	0.05	0.01	0.001	1.0	inf	0.0	0.0
423	0	[4, 4]	square	0.125	10	[13, 13]	0.0175	0.0001	0.01	1.0	inf	0.0	0.0
424	0	[4, 4]	no	0.125	10	[13, 13]	0.05	0.01	0.01	8.969254805824135e-07	-88.05138686645918	1549664197279744.0	60102708.53854021
425	0	[4, 4]	square	0.125	10	[13, 13]	0.0175	0.0001	0.001	1.0	inf	0.0	0.0
426	0	[4, 4]	no	0.125	10	[13, 13]	0.0175	0.0001	0.0001	0.8921600033135624	33.28674955035696	0.0103254793211817	2.3214331150115936e-10
427	0	[4, 4]	square	0.125	10	[13, 13]	0.0175	0.0001	0.0001	1.0	inf	0.0	0.0
428	0	[4, 4]	no	0.125	10	[13, 13]	0.05	0.01	0.0001	0.8600649202755006	30.93601175460504	0.0135793155059218	3.3159403165132925e-10
429	0	[4, 4]	square	0.125	10	[13, 13]	0.05	0.01	0.0001	1.0	inf	0.0	0.0
430	0	[4, 4]	no	0.125	10	[13, 13]	0.05	0.001	0.01	9.328558045662014e-06	-93.47867861617254	3.148520480361677e+16	1255879040.288463
431	0	[4, 4]	no	0.125	10	[13, 13]	0.05	0.01	0.001	0.96473770566301	39.74933401919882	0.0025323238223791	5.486675949115576e-11
432	0	[4, 4]	no	0.125	10	[13, 13]	0.05	0.001	0.001	0.9027956345186452	32.1970350691661	0.0119398506358265	2.7042263355719367e-10
433	0	[4, 4]	no	0.125	10	[13, 13]	0.05	0.0001	0.001	0.8137443330358672	25.21972477798145	0.0365416519343853	8.617622252771943e-10
434	0	[4, 4]	no	0.125	10	[13, 13]	0.05	0.0001	0.0001	0.8332769303681733	30.578995484002924	0.0169930700212717	3.743873808744008e-10
435	0	[4, 4]	square	0.125	10	[13, 13]	0.05	0.001	0.01	1.0	inf	0.0	0.0
436	0	[4, 4]	square	0.125	10	[13, 13]	0.05	0.0001	0.01	1.0	inf	0.0	0.0
437	0	[4, 4]	no	0.25	1	[11, 11]	0.0175	0.01	0.01	0.696389404154995	25.308473356022223	0.0456957221031188	1.2829209027014983e-09
438	0	[4, 4]	square	0.125	10	[13, 13]	0.05	0.001	0.001	1.0	inf	0.0	0.0
439	0	[4, 4]	no	0.125	10	[13, 13]	0.05	0.001	0.0001	0.9301554743668948	35.078344949280535	0.0069674123078584	1.575531119274081e-10
440	0	[4, 4]	square	0.25	1	[11, 11]	0.0175	0.01	0.001	0.4147866940347323	11.14907419442503	0.8266628384590149	3.15722896408333e-08
441	0	[4, 4]	no	0.25	1	[11, 11]	0.0175	0.01	0.001	0.7906136099613399	29.14038049886726	0.0182326585054397	4.783606106406338e-10
442	0	[4, 4]	square	0.25	1	[11, 11]	0.0175	0.01	0.01	0.4129752495153092	11.042004786747045	0.82900470495224	3.155937999894218e-08
443	0	[4, 4]	no	0.25	1	[11, 11]	0.0175	0.01	0.0001	0.704961392618092	26.303335547204465	0.0385445170104503	1.066879859844655e-09
444	0	[4, 4]	square	0.25	1	[11, 11]	0.0175	0.01	0.0001	0.470014669416064	13.65846469719415	0.4838207960128784	1.7810153969578717e-08
445	0	[4, 4]	no	0.25	1	[11, 11]	0.0175	0.001	0.01	0.9609135866077592	43.14147132985149	0.0019290187628939	4.027979487462508e-11
446	0	[4, 4]	square	0.25	1	[11, 11]	0.0175	0.001	0.01	0.4129747109039599	11.041958516024636	0.8290096521377563	3.1559605479118405e-08
447	0	[4, 4]	no	0.25	1	[11, 11]	0.0175	0.001	0.001	0.7832875021907703	30.353849858267104	0.0157398544251918	3.5859737533119844e-10
448	0	[4, 4]	no	0.125	10	[13, 13]	0.05	0.0001	0.01	1.2318213448204117e-06	-110.91296116753928	5.059707319932158e+18	202883449152.688
449	0	[4, 4]	square	0.125	10	[13, 13]	0.05	0.001	0.0001	1.0	inf	0.0	0.0
450	0	[4, 4]	square	0.25	1	[11, 11]	0.0175	0.001	0.001	0.414786763856371	11.149077384090628	0.826662540435791	3.1572281975212524e-08
451	0	[4, 4]	square	0.25	1	[11, 11]	0.0175	0.001	0.0001	0.4700147448743983	13.658465828623738	0.4838206768035888	1.7810149433435272e-08
452	0	[4, 4]	no	0.25	1	[11, 11]	0.0175	0.0001	0.01	0.7001764961574495	26.50216231552555	0.038225594907999	8.48929838888348e-10
453	0	[4, 4]	no	0.25	1	[11, 11]	0.0175	0.001	0.0001	0.7043339085512718	26.281760011041094	0.0386417470872402	1.0697309281837463e-09
454	0	[4, 4]	square	0.125	10	[13, 13]	0.05	0.0001	0.0001	1.0	inf	0.0	0.0
455	0	[4, 4]	no	0.25	1	[11, 11]	0.0175	0.0001	0.001	0.8044639856310999	31.04420681284839	0.0164965614676475	3.6526012680816287e-10
456	0	[4, 4]	square	0.25	1	[11, 11]	0.0175	0.0001	0.0001	0.4700147448743983	13.658465828623738	0.4838206768035888	1.7810149433435272e-08
457	0	[4, 4]	square	0.25	1	[11, 11]	0.0175	0.0001	0.01	0.4129752495153092	11.042004786747045	0.82900470495224	3.155937999894218e-08
458	0	[4, 4]	no	0.25	1	[11, 11]	0.05	0.01	0.01	0.6752784751848361	23.62357634425152	0.0568035021424293	1.4423692786798331e-09
459	0	[4, 4]	no	0.25	1	[11, 11]	0.0175	0.0001	0.0001	0.6791472513183286	26.05572252122091	0.0416032336652278	9.947489292591612e-10
460	0	[4, 4]	square	0.25	1	[11, 11]	0.0175	0.0001	0.001	0.4147859929675901	11.149067524806512	0.8266642093658447	3.157234347355704e-08
461	0	[4, 4]	no	0.25	1	[11, 11]	0.05	0.01	0.001	0.6973105199317974	24.807969897785128	0.0404640622437	1.0654751936565995e-09
462	0	[4, 4]	square	0.25	1	[11, 11]	0.05	0.01	0.01	0.4129744028641888	11.04195365047711	0.8290110230445862	3.1559670792874647e-08
463	0	[4, 4]	no	0.25	1	[11, 11]	0.05	0.01	0.0001	0.7623177188337905	28.20495814728195	0.0272285807877779	7.209784953893065e-10
464	0	[4, 4]	square	0.25	1	[11, 11]	0.05	0.01	0.001	0.414786621943033	11.149071019813048	0.8266640305519104	3.157234217398254e-08
465	0	[4, 4]	no	0.25	1	[11, 11]	0.05	0.001	0.01	0.6974441510895977	24.153023027049603	0.0505437739193439	1.2775740808939954e-09
466	0	[4, 4]	square	0.125	10	[13, 13]	0.05	0.0001	0.001	1.0	inf	0.0	0.0
467	0	[4, 4]	square	0.25	1	[11, 11]	0.05	0.001	0.001	0.414786709441169	11.14907317562686	0.8266637921333313	3.157233022648353e-08
468	0	[4, 4]	square	0.25	1	[11, 11]	0.05	0.001	0.01	0.4129744028641888	11.04195365047711	0.8290110230445862	3.1559670792874647e-08
469	0	[4, 4]	square	0.25	1	[11, 11]	0.05	0.01	0.0001	0.4700157343920231	13.658476312560552	0.4838205277919769	1.781013502567268e-08
470	0	[4, 4]	no	0.25	1	[11, 11]	0.05	0.001	0.0001	0.6890425214308142	26.5301015252631	0.042725320905447	1.0093410993680968e-09
471	0	[4, 4]	no	0.25	1	[11, 11]	0.05	0.001	0.001	0.8249474019894368	31.577875294469678	0.013273648917675	3.187233520094726e-10
472	0	[4, 4]	square	0.25	1	[11, 11]	0.05	0.001	0.0001	0.4700157597587815	13.658470672253266	0.4838206768035888	1.7810139679271603e-08
473	0	[4, 4]	square	0.25	1	[11, 11]	0.05	0.0001	0.01	0.412974543259783	11.04195495862259	0.8290109038352966	3.1559667356261895e-08
474	0	[4, 4]	no	0.25	1	[11, 11]	0.05	0.0001	0.01	0.6872358406481842	24.803588358753817	0.0424604751169681	1.1523787950979144e-09
475	0	[4, 4]	square	0.25	1	[11, 11]	0.05	0.0001	0.001	0.414786709441169	11.14907317562686	0.8266637921333313	3.157233022648353e-08
476	0	[4, 4]	no	0.25	1	[11, 11]	0.05	0.0001	0.0001	0.6287210324471479	23.27786295742854	0.072821632027626	1.6445043677941441e-09
477	0	[4, 4]	no	0.25	1	[11, 11]	0.05	0.0001	0.001	0.6896924702199245	24.835557005273607	0.0387060940265655	1.1125845116586346e-09
478	0	[4, 4]	square	0.25	1	[11, 11]	0.05	0.0001	0.0001	0.4700157343920231	13.658476312560552	0.4838205277919769	1.781013502567268e-08
479	0	[4, 4]	no	0.25	1	[13, 13]	0.0175	0.01	0.01	0.6518449297494702	22.394190942783293	0.0858727917075157	2.447193993269691e-09
480	0	[4, 4]	no	0.25	1	[13, 13]	0.0175	0.01	0.001	0.8721292992053479	34.25840771152616	0.00805046223104	1.7435785706339112e-10
481	0	[4, 4]	square	0.25	1	[13, 13]	0.0175	0.01	0.001	0.4000220687732584	10.862580775479053	0.8691205382347107	3.325038256016984e-08
482	0	[4, 4]	square	0.25	1	[13, 13]	0.0175	0.01	0.01	0.4013426238319432	10.966192907798124	0.863218367099762	3.29169338321287e-08
483	0	[4, 4]	square	0.25	1	[13, 13]	0.0175	0.01	0.0001	0.4528899828873662	13.077471001780696	0.519966721534729	1.9186743101372032e-08
484	0	[4, 4]	no	0.25	1	[13, 13]	0.0175	0.01	0.0001	0.7657901569188742	28.51254580227184	0.0240757148712873	7.067571142034762e-10
485	0	[4, 4]	no	0.25	1	[13, 13]	0.0175	0.001	0.01	0.9473246999562812	41.50089923845599	0.0026398212648928	4.731793459798909e-11
486	0	[4, 4]	square	0.25	1	[13, 13]	0.0175	0.001	0.01	0.4013426238319432	10.966192907798124	0.863218367099762	3.29169338321287e-08
487	0	[4, 4]	no	0.25	1	[13, 13]	0.0175	0.001	0.0001	0.7518548499632052	28.108272979283168	0.0282244533300399	7.484982955096885e-10
488	0	[4, 4]	square	0.25	1	[13, 13]	0.0175	0.001	0.0001	0.4528899334323708	13.077470874168108	0.5199669003486633	1.918674835443601e-08
489	0	[4, 4]	square	0.25	1	[13, 13]	0.0175	0.001	0.001	0.4000220659408772	10.86258085812715	0.8691207766532898	3.325038649426736e-08
490	0	[4, 4]	no	0.25	1	[13, 13]	0.0175	0.001	0.001	0.8477193116297767	32.91740405483714	0.0103884059935808	2.4215559970146707e-10
491	0	[4, 4]	square	0.25	1	[13, 13]	0.0175	0.0001	0.01	0.4013438768882764	10.96622468350466	0.8632155060768127	3.291685344142713e-08
492	0	[4, 4]	no	0.25	1	[13, 13]	0.0175	0.0001	0.01	0.7196304415449024	26.956202100592677	0.0325636677443981	7.383521470126791e-10
493	0	[4, 4]	no	0.25	1	[13, 13]	0.0175	0.0001	0.001	0.8170457695638443	31.56686692329415	0.0139277363196015	3.1507769681875617e-10
494	0	[4, 4]	square	0.25	1	[13, 13]	0.0175	0.0001	0.0001	0.4528899828873662	13.077471001780696	0.519966721534729	1.9186743101372032e-08
495	0	[4, 4]	square	0.25	1	[13, 13]	0.0175	0.0001	0.001	0.4000220659408772	10.86258085812715	0.8691207766532898	3.325038649426736e-08
496	0	[4, 4]	no	0.25	1	[13, 13]	0.05	0.01	0.01	0.6207068340250522	21.266799889523963	0.089327722787857	2.293048493382885e-09
497	0	[4, 4]	square	0.25	1	[13, 13]	0.05	0.01	0.001	0.4000196043508678	10.862557668876748	0.8691262006759644	3.3250579894691275e-08
498	0	[4, 4]	no	0.25	1	[13, 13]	0.0175	0.0001	0.0001	0.7193425863674772	27.2211881362017	0.0409852638840675	1.015965194693902e-09
499	0	[4, 4]	square	0.25	1	[13, 13]	0.05	0.01	0.01	0.4013427323748022	10.966174320773057	0.8632265329360962	3.29172719204592e-08
500	0	[4, 4]	no	0.25	1	[13, 13]	0.05	0.01	0.001	0.7291482797897553	27.800530519143184	0.0326518714427948	7.89790459289383e-10
501	0	[4, 4]	square	0.25	1	[13, 13]	0.05	0.01	0.0001	0.4528885217290185	13.077393604240296	0.5199761390686035	1.9187099043004442e-08
502	0	[4, 4]	no	0.25	1	[13, 13]	0.05	0.001	0.01	0.7406418947275988	28.913966238762768	0.0311297290027141	6.896328109309302e-10
503	0	[4, 4]	no	0.25	1	[13, 13]	0.05	0.01	0.0001	0.7879055535477031	29.10133666002363	0.0199262872338295	5.398622183029254e-10
504	0	[4, 4]	no	0.25	1	[13, 13]	0.05	0.001	0.001	0.8399304197638932	32.39310418529178	0.0112259648740291	2.564770013846734e-10
505	0	[4, 4]	square	0.25	1	[13, 13]	0.05	0.001	0.01	0.4013427323748022	10.966174320773057	0.8632265329360962	3.29172719204592e-08
506	0	[4, 4]	square	0.25	1	[13, 13]	0.05	0.001	0.001	0.4000196043508678	10.862557668876748	0.8691262006759644	3.3250579894691275e-08
507	0	[4, 4]	square	0.25	1	[13, 13]	0.05	0.001	0.0001	0.4528885217290185	13.077393604240296	0.5199761390686035	1.9187099043004442e-08
508	0	[4, 4]	no	0.25	1	[13, 13]	0.05	0.001	0.0001	0.6705322260940364	26.237868573438817	0.05097196996212	1.211826386982606e-09
509	0	[4, 4]	no	0.25	1	[13, 13]	0.05	0.0001	0.001	0.6951185277373062	24.98163682283588	0.0388068258762359	1.143764541005829e-09
510	0	[4, 4]	no	0.25	1	[13, 13]	0.05	0.0001	0.01	0.6926990806090818	24.92721426809446	0.0391472727060318	1.0715447442836851e-09
511	0	[4, 4]	no	0.25	1	[13, 13]	0.05	0.0001	0.0001	0.6109752486232382	22.589386723664305	0.0744623392820358	2.186704948622013e-09
512	0	[4, 4]	square	0.25	1	[13, 13]	0.05	0.0001	0.01	0.4013427323748022	10.966174320773057	0.8632265329360962	3.29172719204592e-08
513	0	[4, 4]	square	0.25	1	[13, 13]	0.05	0.0001	0.0001	0.4528885217290185	13.077393604240296	0.5199761390686035	1.9187099043004442e-08
514	0	[4, 4]	square	0.25	1	[13, 13]	0.05	0.0001	0.001	0.4000191821274146	10.86255471072632	0.8691278100013733	3.3250649480094954e-08
515	0	[4, 4]	no	0.25	5	[11, 11]	0.0175	0.01	0.01	0.4113613227704979	17.867746021703226	0.382313460111618	7.397367769844603e-09
516	0	[4, 4]	square	0.25	5	[11, 11]	0.0175	0.01	0.001	0.732609531978355	24.161615845083546	0.0830187276005745	2.9315344595802333e-09
517	0	[4, 4]	square	0.25	5	[11, 11]	0.0175	0.001	0.001	0.732609531978355	24.161615845083546	0.0830187276005745	2.9315344595802333e-09
518	0	[4, 4]	square	0.25	5	[11, 11]	0.0175	0.01	0.01	0.4691168948787764	17.117588447631974	0.3642308413982391	8.054747852787106e-09
519	0	[4, 4]	square	0.25	5	[11, 11]	0.0175	0.01	0.0001	0.7149769375870977	24.273158380781847	0.0746611207723617	2.398177172547779e-09
520	0	[4, 4]	no	0.25	5	[11, 11]	0.0175	0.01	0.001	0.9788816296699774	40.96808636042948	0.0021670709829777	4.3267375987727774e-11
521	0	[4, 4]	no	0.25	5	[11, 11]	0.0175	0.001	0.0001	0.9388783452790544	38.6685131689146	0.0031543322838842	6.661167419277968e-11
522	0	[4, 4]	no	0.25	5	[11, 11]	0.0175	0.001	0.01	0.2086565685136611	7.93162922585136	3.05764389038086	7.199084360202979e-08
523	0	[4, 4]	no	0.25	5	[11, 11]	0.0175	0.01	0.0001	0.9171676843316589	36.06171569724186	0.0044122878462076	1.0994286791605463e-10
524	0	[4, 4]	square	0.25	5	[11, 11]	0.0175	0.001	0.01	0.4691168948787764	17.117588447631974	0.3642308413982391	8.054747852787106e-09
525	0	[4, 4]	no	0.25	5	[11, 11]	0.0175	0.001	0.001	0.9812058777208656	43.3483669003228	0.0014079584507271	2.578390939154302e-11
526	0	[4, 4]	square	0.25	5	[11, 11]	0.0175	0.001	0.0001	0.7149768661369544	24.27314906007048	0.0746612548828125	2.3981832923598996e-09
527	0	[4, 4]	no	0.25	5	[11, 11]	0.0175	0.0001	0.001	0.966367758083666	40.76232546951874	0.0025685296859592	4.857936022618484e-11
528	0	[4, 4]	no	0.25	5	[11, 11]	0.0175	0.0001	0.01	0.1730287713589782	4.537142770881552	5.904745578765869	1.6361297169081905e-07
529	0	[4, 4]	square	0.25	5	[11, 11]	0.0175	0.0001	0.01	0.4691168948787764	17.117588447631974	0.3642308413982391	8.054747852787106e-09
530	0	[4, 4]	no	0.25	5	[11, 11]	0.0175	0.0001	0.0001	0.9227410750498566	36.80995960049249	0.0042972243390977	9.576378753908796e-11
531	0	[4, 4]	square	0.25	5	[11, 11]	0.05	0.01	0.001	0.732609531978355	24.161615845083546	0.0830187276005745	2.9315344595802333e-09
532	0	[4, 4]	square	0.25	5	[11, 11]	0.0175	0.0001	0.001	0.732601044003628	24.161108390663323	0.0830168053507804	2.9314325670214092e-09
533	0	[4, 4]	no	0.25	5	[11, 11]	0.05	0.01	0.01	0.318634426931739	16.066781816038436	0.7467302680015564	1.2499686546683482e-08
534	0	[4, 4]	square	0.25	5	[11, 11]	0.0175	0.0001	0.0001	0.7149769335774351	24.273238956599883	0.0746595188975334	2.3981195728616768e-09
535	0	[4, 4]	square	0.25	5	[11, 11]	0.05	0.01	0.01	0.2593076205559942	5.89845122622069	4.2218194007873535	1.2263345539037098e-07
536	0	[4, 4]	no	0.25	5	[11, 11]	0.05	0.01	0.001	0.98567443144169	42.35110400604631	0.0010521709918975	1.9911647695333025e-11
537	0	[4, 4]	square	0.25	5	[11, 11]	0.05	0.001	0.01	0.4559407683530677	16.731189473457636	0.3774851858615875	8.260025773142758e-09
538	0	[4, 4]	no	0.25	5	[11, 11]	0.05	0.01	0.0001	0.9177368517965014	36.249616974852415	0.0043468424119055	1.0437986327762919e-10
539	0	[4, 4]	square	0.25	5	[11, 11]	0.05	0.01	0.0001	0.7149769375870977	24.273158380781847	0.0746611207723617	2.398177172547779e-09
540	0	[4, 4]	no	0.25	5	[11, 11]	0.05	0.001	0.01	0.3323266761451547	14.997930938496523	0.5842940211296082	1.1241329791628928e-08
541	0	[4, 4]	square	0.25	5	[11, 11]	0.05	0.0001	0.01	0.4559407683530677	16.731189473457636	0.3774851858615875	8.260025773142758e-09
542	0	[4, 4]	square	0.25	5	[11, 11]	0.05	0.001	0.001	0.7326042962232664	24.161401005878155	0.0830213129520416	2.9316284798227927e-09
543	0	[4, 4]	no	0.25	5	[11, 11]	0.05	0.001	0.001	0.9832952587596148	42.962799754634446	0.0016265709418803	3.511763190501745e-11
544	0	[4, 4]	no	0.25	5	[11, 11]	0.05	0.001	0.0001	0.9291664125529387	37.192419837731606	0.0037862393073737	8.384270315738456e-11
545	0	[4, 4]	square	0.25	5	[11, 11]	0.05	0.001	0.0001	0.7149769335774351	24.273238956599883	0.0746595188975334	2.3981195728616768e-09
546	0	[4, 4]	no	0.25	5	[11, 11]	0.05	0.0001	0.01	0.3330908233602065	14.908422029660578	0.6443163156509399	1.237048088917989e-08
547	0	[4, 4]	no	0.25	5	[11, 11]	0.05	0.0001	0.001	0.9418028792493216	36.70781397377296	0.0058232038281857	1.250466645201074e-10
548	0	[4, 4]	square	0.25	5	[11, 11]	0.05	0.0001	0.001	0.7326042962232664	24.161401005878155	0.0830213129520416	2.9316284798227927e-09
549	0	[4, 4]	no	0.25	5	[11, 11]	0.05	0.0001	0.0001	0.8987459611711182	35.84690158165167	0.0066313450224697	1.354435482162454e-10
550	0	[4, 4]	square	0.25	5	[11, 11]	0.05	0.0001	0.0001	0.7149769375870977	24.273158380781847	0.0746611207723617	2.398177172547779e-09
551	0	[4, 4]	square	0.25	5	[13, 13]	0.0175	0.01	0.0001	0.7118946906567067	24.667214424327288	0.073928028345108	2.384268667937425e-09
552	0	[4, 4]	no	0.25	5	[13, 13]	0.0175	0.01	0.01	0.2179894564305197	9.72065124511612	1.848484754562378	3.532673803606032e-08
553	0	[4, 4]	square	0.25	5	[13, 13]	0.0175	0.01	0.01	0.383954797933305	13.771754703809217	0.7498263120651245	1.5642478226243588e-08
554	0	[4, 4]	no	0.25	5	[13, 13]	0.0175	0.01	0.001	0.9824384346334332	43.66955702453642	0.0012800137046724	2.120373517902276e-11
555	0	[4, 4]	square	0.25	5	[13, 13]	0.0175	0.01	0.001	0.7458994986567306	24.26702140431044	0.0831795781850814	2.9603737903907116e-09
556	0	[4, 4]	no	0.25	5	[13, 13]	0.0175	0.01	0.0001	0.9157368375312396	36.29862314062391	0.0048404312692582	1.0678707736055327e-10
557	0	[4, 4]	square	0.25	5	[13, 13]	0.0175	0.001	0.001	0.7459034201058704	24.267172668774386	0.0831868201494216	2.960673852689367e-09
558	0	[4, 4]	no	0.25	5	[13, 13]	0.0175	0.001	0.01	0.1269550491208615	-7.876153495473769	53.15895080566406	1.8959039641687352e-06
559	0	[4, 4]	square	0.25	5	[13, 13]	0.0175	0.001	0.01	0.3699475387488641	11.973129590005158	1.058114767074585	2.2302685860100353e-08
560	0	[4, 4]	no	0.25	5	[13, 13]	0.0175	0.001	0.001	0.9812949219846572	42.86179068025659	0.0015357483644038	2.7740124582340314e-11
561	0	[4, 4]	square	0.25	5	[13, 13]	0.0175	0.0001	0.001	0.7459034201058704	24.267172668774386	0.0831868201494216	2.960673852689367e-09
562	0	[4, 4]	no	0.25	5	[13, 13]	0.0175	0.001	0.0001	0.9327585838275088	38.02094347240488	0.0037545992527157	8.103401354730025e-11
563	0	[4, 4]	square	0.25	5	[13, 13]	0.0175	0.001	0.0001	0.7118940834471268	24.667148735536813	0.0739277079701423	2.384249587540499e-09
564	0	[4, 4]	no	0.25	5	[13, 13]	0.0175	0.0001	0.01	0.114545346944314	-12.278335473908523	150.31207275390625	5.667125843205368e-06
565	0	[4, 4]	square	0.25	5	[13, 13]	0.05	0.01	0.01	0.2973984961548885	7.013635717324425	2.337388038635254	6.151018673478303e-08
566	0	[4, 4]	square	0.25	5	[13, 13]	0.0175	0.0001	0.01	0.383954797933305	13.771754703809217	0.7498263120651245	1.5642478226243588e-08
567	0	[4, 4]	no	0.25	5	[13, 13]	0.0175	0.0001	0.001	0.9584640729209524	37.82361006444312	0.0045214341953396	9.680657142960283e-11
568	0	[4, 4]	no	0.25	5	[13, 13]	0.0175	0.0001	0.0001	0.9130192899484804	36.32371418926696	0.0051776068285107	1.1208731069894295e-10
569	0	[4, 4]	square	0.25	5	[13, 13]	0.0175	0.0001	0.0001	0.7118950347521522	24.66721379608127	0.0739280954003334	2.384272055735363e-09
570	0	[4, 4]	no	0.25	5	[13, 13]	0.05	0.01	0.01	0.2801744097990815	12.576905199598826	1.2864773273468018	2.3695390743210607e-08
571	0	[4, 4]	square	0.25	5	[13, 13]	0.05	0.01	0.0001	0.7118946906567067	24.667214424327288	0.073928028345108	2.384268667937425e-09
572	0	[4, 4]	no	0.25	5	[13, 13]	0.05	0.01	0.001	0.9892971283926236	45.77499149210362	0.0008361428044736	1.4989762646608542e-11
573	0	[4, 4]	square	0.25	5	[13, 13]	0.05	0.01	0.001	0.7458994986567306	24.26702140431044	0.0831795781850814	2.9603737903907116e-09
574	0	[4, 4]	no	0.25	5	[13, 13]	0.05	0.01	0.0001	0.9138694947431864	35.5185494471678	0.0053181569091975	1.1910916052312856e-10
575	0	[4, 4]	square	0.25	5	[13, 13]	0.05	0.001	0.0001	0.7118946906567067	24.667214424327288	0.073928028345108	2.384268667937425e-09
576	0	[4, 4]	no	0.25	5	[13, 13]	0.05	0.001	0.01	0.1746909608584693	0.1703856948192469	13.768261909484863	4.550132404839266e-07
577	0	[4, 4]	square	0.25	5	[13, 13]	0.05	0.001	0.01	0.383954797933305	13.771754703809217	0.7498263120651245	1.5642478226243588e-08
578	0	[4, 4]	no	0.25	5	[13, 13]	0.05	0.001	0.001	0.9730589655601506	39.63153040353348	0.0026381560601294	5.2645720144295226e-11
579	0	[4, 4]	square	0.25	5	[13, 13]	0.05	0.001	0.001	0.7458971418610579	24.26716657225201	0.0831860825419426	2.960680163099036e-09
580	0	[4, 4]	no	0.25	5	[13, 13]	0.05	0.001	0.0001	0.9305724624246652	37.37764962793088	0.0041547850705683	9.041564454373238e-11
581	0	[4, 4]	square	0.25	5	[13, 13]	0.05	0.0001	0.001	0.7459034201058704	24.267172668774386	0.0831868201494216	2.960673852689367e-09
582	0	[4, 4]	no	0.25	5	[13, 13]	0.05	0.0001	0.01	0.1200272343357907	-1.4109981135669123	22.03020668029785	7.329627606080368e-07
583	0	[4, 4]	square	0.25	5	[13, 13]	0.05	0.0001	0.01	0.383954797933305	13.771754703809217	0.7498263120651245	1.5642478226243588e-08
584	0	[4, 4]	no	0.25	5	[13, 13]	0.05	0.0001	0.001	0.9472166652276046	37.98725534264869	0.0048965280875563	9.052227694917274e-11
585	0	[4, 4]	square	0.25	10	[11, 11]	0.0175	0.01	0.001	0.9079055596436788	33.47826267338152	0.0065379035659134	2.0422950455486782e-10
586	0	[4, 4]	no	0.25	5	[13, 13]	0.05	0.0001	0.0001	0.8858640715214211	35.19220207365058	0.0077010346576571	1.5840068925098818e-10
587	0	[4, 4]	square	0.25	5	[13, 13]	0.05	0.0001	0.0001	0.7118940834471268	24.667148735536813	0.0739277079701423	2.384249587540499e-09
588	0	[4, 4]	no	0.25	10	[11, 11]	0.0175	0.01	0.0001	0.950734774441197	40.18039014776445	0.0024195977021008	5.3296533733102655e-11
589	0	[4, 4]	square	0.25	10	[11, 11]	0.0175	0.01	0.01	-0.0004524771482534	-112.18685743287338	184724930560.0	7396.12019370475
590	0	[4, 4]	no	0.25	10	[11, 11]	0.0175	0.01	0.01	4.287552507782479e-07	-88.86528181104845	331277729792.0	13268.521323826984
591	0	[4, 4]	square	0.25	10	[11, 11]	0.0175	0.001	0.001	0.9079055596436788	33.47826267338152	0.0065379035659134	2.0422950455486782e-10
592	0	[4, 4]	no	0.25	10	[11, 11]	0.0175	0.01	0.001	0.9903690270759908	45.88055501650378	0.0006959232268854	1.175845478028248e-11
593	0	[4, 4]	no	0.25	10	[11, 11]	0.0175	0.001	0.0001	0.9480468315704916	40.19314319938016	0.0024857588578015	5.0220811580958863e-11
594	0	[4, 4]	square	0.25	10	[11, 11]	0.0175	0.001	0.01	7.687841014885223e-06	-92.30396164500634	5615251881984.0	232143.70979189329
595	0	[4, 4]	square	0.25	10	[11, 11]	0.0175	0.0001	0.01	-1.2283188503624248e-06	-96.63496768478072	17334122053632.0	673577.1422821884
596	0	[4, 4]	square	0.25	10	[11, 11]	0.0175	0.01	0.0001	0.8756990467048816	33.61058674603903	0.00656613195315	1.3897370981650735e-10
597	0	[4, 4]	no	0.25	10	[11, 11]	0.0175	0.001	0.01	3.3624741625223684e-08	-92.47522444220338	5648105332539392.0	226075010.56768632
598	0	[4, 4]	no	0.25	10	[11, 11]	0.0175	0.001	0.001	0.984396182663302	43.66353341728493	0.0013442191993817	2.3488821031916828e-11
599	0	[4, 4]	square	0.25	10	[11, 11]	0.0175	0.0001	0.001	0.9079055596436788	33.47826267338152	0.0065379035659134	2.0422950455486782e-10
600	0	[4, 4]	square	0.25	10	[11, 11]	0.0175	0.0001	0.0001	0.8756976067828403	33.610469762345744	0.006566290743649	1.3897729700684878e-10
601	0	[4, 4]	square	0.25	10	[11, 11]	0.0175	0.001	0.0001	0.8756979764276611	33.61050588197219	0.0065662642009556	1.3897668468010215e-10
602	0	[4, 4]	no	0.25	10	[11, 11]	0.0175	0.0001	0.01	7.699466406240584e-10	-92.1335252746425	1.4548010806668165e+18	55969856134.76153
603	0	[4, 4]	no	0.25	10	[11, 11]	0.0175	0.0001	0.0001	0.9448441057952616	38.39460725192684	0.0029654265381395	6.215044245081039e-11
604	0	[4, 4]	no	0.25	10	[11, 11]	0.0175	0.0001	0.001	0.9742348602504928	40.32360518326176	0.002285294001922	4.0993300101324414e-11
605	0	[4, 4]	square	0.25	10	[11, 11]	0.05	0.01	0.001	0.9079008199947256	33.47739113551698	0.0065391850657761	2.042775246003464e-10
606	0	[4, 4]	no	0.25	10	[11, 11]	0.05	0.01	0.0001	0.936481339254809	38.366627012976224	0.003541971091181	7.200908553114759e-11
607	0	[4, 4]	square	0.25	10	[11, 11]	0.05	0.001	0.001	0.9079008199947256	33.47739113551698	0.0065391850657761	2.042775246003464e-10
608	0	[4, 4]	no	0.25	10	[11, 11]	0.05	0.01	0.01	1.7492395612168673e-08	-94.61548621574894	416923347058688.0	16806902.534285057
609	0	[4, 4]	square	0.25	10	[11, 11]	0.05	0.01	0.01	0.002683964525642	-87.92739083236569	2411458560.0	103.6386077194363
610	0	[4, 4]	no	0.25	10	[11, 11]	0.05	0.01	0.001	0.9888648530182198	46.155398728494	0.0007946877740323	1.342059614859871e-11
611	0	[4, 4]	square	0.25	10	[11, 11]	0.05	0.001	0.01	8.05871166030165e-06	-92.27089507904245	5615251881984.0	232143.69853079095
612	0	[4, 4]	no	0.25	10	[11, 11]	0.05	0.001	0.0001	0.9517367976015536	38.551559026647205	0.0027365232817828	5.831474326316779e-11
613	0	[4, 4]	square	0.25	10	[11, 11]	0.05	0.001	0.0001	0.8756986944115442	33.610624162585026	0.0065663028508424	1.3897808535059975e-10
614	0	[4, 4]	square	0.25	10	[11, 11]	0.05	0.01	0.0001	0.8756986555885451	33.61062421234186	0.0065663047134876	1.3897817291628e-10
615	0	[4, 4]	no	0.25	10	[11, 11]	0.05	0.001	0.01	2.9093207401685807e-09	-88.67388488863435	2.1362452647745943e+18	89026009062.80862
616	0	[4, 4]	no	0.25	10	[11, 11]	0.05	0.001	0.001	0.9766888417710604	40.5300286176284	0.0021995704155415	4.436044564921392e-11
617	0	[4, 4]	no	0.25	10	[11, 11]	0.05	0.0001	0.0001	0.9310055386484848	37.34690157712199	0.0046471343375742	8.750137967035868e-11
618	0	[4, 4]	square	0.25	10	[11, 11]	0.05	0.0001	0.0001	0.8756986944115442	33.610624162585026	0.0065663028508424	1.3897808535059975e-10
619	0	[4, 4]	square	0.25	10	[11, 11]	0.05	0.0001	0.001	0.907902604002178	33.477635965442815	0.0065388376824557	2.0426207228190086e-10
620	0	[4, 4]	no	0.25	10	[11, 11]	0.05	0.0001	0.001	0.9423689151939252	35.426232282650375	0.0056356573477387	1.1733524693647515e-10
621	0	[4, 4]	no	0.25	10	[11, 11]	0.05	0.0001	0.01	-1.7595415095664653e-07	-92.51511925156684	1326607237120.0	53455.1862981316
622	0	[4, 4]	square	0.25	10	[11, 11]	0.05	0.0001	0.01	0.002683964525642	-87.92739083236569	2411458560.0	103.6386077194363
623	0	[4, 4]	square	0.25	10	[13, 13]	0.0175	0.01	0.001	0.8825523982644519	32.0170462795054	0.0110051594674587	3.6665333919799645e-10
624	0	[4, 4]	no	0.25	10	[13, 13]	0.0175	0.01	0.0001	0.9380792707847994	38.89543217952836	0.0028944420628249	6.477407001212737e-11
625	0	[4, 4]	no	0.25	10	[13, 13]	0.0175	0.01	0.01	1.416192497865914e-05	-85.95529390296461	60796998516736.0	2443737.029153403
626	0	[4, 4]	square	0.25	10	[13, 13]	0.0175	0.01	0.01	3.144466295439312e-05	-102.54699224518916	30021578129408.0	1171536.8774763478
627	0	[4, 4]	no	0.25	10	[13, 13]	0.0175	0.01	0.001	0.9814336029157854	42.661032417430896	0.0016251922352239	2.861783352146137e-11
628	0	[4, 4]	square	0.25	10	[13, 13]	0.0175	0.001	0.001	0.8825523982644519	32.0170462795054	0.0110051594674587	3.6665333919799645e-10
629	0	[4, 4]	square	0.25	10	[13, 13]	0.0175	0.01	0.0001	0.8844915943738942	35.17334956907024	0.0063840765506029	1.3943214129832578e-10
630	0	[4, 4]	no	0.25	10	[13, 13]	0.0175	0.001	0.0001	0.9462988521181572	39.36826796385825	0.0026541620027273	5.316131279785103e-11
631	0	[4, 4]	no	0.25	10	[13, 13]	0.0175	0.001	0.01	1.3153204916098886e-05	-101.9313945993555	7582980046323712.0	299574840.45431805
632	0	[4, 4]	square	0.25	10	[13, 13]	0.0175	0.001	0.01	1.753129331368499e-06	-94.55392192915048	7646131257344.0	304813.0115131341
633	0	[4, 4]	no	0.25	10	[13, 13]	0.0175	0.001	0.001	0.9835155110601432	43.08958049911264	0.0020111410412937	3.8428724188882735e-11
634	0	[4, 4]	no	0.25	10	[13, 13]	0.0175	0.0001	0.001	0.9646929563068296	39.71179557100097	0.0033158741425722	6.077943500460069e-11
635	0	[4, 4]	no	0.25	10	[13, 13]	0.0175	0.0001	0.0001	0.937045955083927	38.45001862880688	0.0034225687850266	7.107973006482259e-11
636	0	[4, 4]	square	0.25	10	[13, 13]	0.0175	0.0001	0.001	0.8825512565349796	32.01711996415978	0.0110049741342663	3.6664810605335884e-10
637	0	[4, 4]	square	0.25	10	[13, 13]	0.0175	0.001	0.0001	0.8844912002274097	35.173316943109725	0.0063841068185865	1.3943287544051262e-10
638	0	[4, 4]	no	0.25	10	[13, 13]	0.0175	0.0001	0.01	5.382815198371021e-06	-97.28738169094282	7999572009811968.0	311881408.02778906
639	0	[4, 4]	square	0.25	10	[13, 13]	0.0175	0.0001	0.01	3.144466295439312e-05	-102.54699224518916	30021578129408.0	1171536.8774763478
640	0	[4, 4]	square	0.25	10	[13, 13]	0.05	0.01	0.001	0.8825523982644519	32.0170462795054	0.0110051594674587	3.6665333919799645e-10
641	0	[4, 4]	square	0.25	10	[13, 13]	0.0175	0.0001	0.0001	0.8844912002274097	35.173316943109725	0.0063841068185865	1.3943287544051262e-10
642	0	[4, 4]	no	0.25	10	[13, 13]	0.05	0.01	0.01	2.0484609187346616e-06	-96.62609320395812	2.555427157966848e+16	1028307575.4296892
643	0	[4, 4]	square	0.25	10	[13, 13]	0.05	0.01	0.01	1.753129331368499e-06	-94.55392192915048	7646131257344.0	304813.0115131341
644	0	[4, 4]	no	0.25	10	[13, 13]	0.05	0.001	0.001	0.9728324252483356	40.13867293141573	0.0027526572812348	5.5272692840319165e-11
645	0	[4, 4]	no	0.25	10	[13, 13]	0.05	0.01	0.001	0.9852567719060106	43.864846025201416	0.0012623454676941	2.2538694164560603e-11
646	0	[4, 4]	no	0.25	10	[13, 13]	0.05	0.01	0.0001	0.9405374082736054	38.70727127883323	0.003406026167795	7.495843935621507e-11
647	0	[4, 4]	square	0.25	10	[13, 13]	0.05	0.01	0.0001	0.8844928988365593	35.173282031820584	0.0063839890062808	1.3943068620251292e-10
648	0	[4, 4]	no	0.25	10	[13, 13]	0.05	0.0001	0.01	1.0743542798195294e-05	-98.38697192311211	138257790664704.0	5736319.748028169
649	0	[4, 4]	no	0.25	10	[13, 13]	0.05	0.001	0.01	2.204059398416576e-07	-89.24482564378758	1.0346567626129408e+16	411134343.09060353
650	0	[4, 4]	square	0.25	10	[13, 13]	0.05	0.001	0.01	3.144466295439312e-05	-102.54699224518916	30021578129408.0	1171536.8774763478
651	0	[4, 4]	square	0.25	10	[13, 13]	0.05	0.0001	0.001	0.8825818085091184	32.019403945304106	0.0110032092779874	3.6657294069902224e-10
652	0	[4, 4]	no	0.25	10	[13, 13]	0.05	0.0001	0.001	0.9398421075763488	36.58421712519547	0.0059988335706293	1.1260930952945531e-10
653	0	[4, 4]	square	0.125	5	[11, 11]	0.0175	0.01	0.01	1.0	inf	0.0	0.0
654	0	[4, 4]	no	0.25	10	[13, 13]	0.05	0.0001	0.0001	0.9266838406886362	37.45265320945467	0.0045709293335676	9.316039494193592e-11
655	0	[4, 4]	square	0.25	10	[13, 13]	0.05	0.001	0.001	0.8825584954774895	32.01747022098897	0.0110043510794639	3.6662788102958186e-10
656	0	[4, 4]	no	0.25	10	[13, 13]	0.05	0.001	0.0001	0.9437421565786588	38.50422305244942	0.0032366537488996	6.605814365253753e-11
657	0	[4, 4]	square	0.25	10	[13, 13]	0.05	0.001	0.0001	0.8844928870324016	35.17328131140676	0.0063839894719421	1.3943068517121422e-10
658	0	[4, 4]	square	0.25	10	[13, 13]	0.05	0.0001	0.01	3.144466295439312e-05	-102.54699224518916	30021578129408.0	1171536.8774763478
659	0	[4, 4]	square	0.25	10	[13, 13]	0.05	0.0001	0.0001	0.8844912002274097	35.173316943109725	0.0063841068185865	1.3943287544051262e-10
