	Unnamed: 0	acs_type	mask_typ	mask_seed	mask_dim	bloc	kernel	lr_other	test_ssim	test_psnr	test_loss	test_loss_denorm
0	0	no	caipiranha	42083	[4, 4]	1	[13, 13]	0.01	0.985945036250384	47.76883481409193	0.0012634182348847	1.170914862645652e-11
1	0	no	caipiranha	42083	[4, 4]	1	[11, 11]	0.01	0.9851350969623246	46.723225870077975	0.001164837158285	1.277806978610274e-11
2	0	square	caipiranha	42083	[4, 4]	1	[13, 13]	0.01	0.9295528778681084	40.10209390387219	0.00350051978603	5.3143547256324217e-11
3	0	square	caipiranha	42083	[4, 4]	1	[11, 11]	0.01	0.9311896624705118	41.47016447912077	0.0027499899733811	4.7766685702691927e-11
4	0	no	caipiranha	42083	[4, 4]	1	[11, 11]	0.001	0.9914987839300872	47.71926525042575	0.0006057752761989	8.804585189608448e-12
5	0	square	caipiranha	42083	[4, 4]	1	[11, 11]	0.001	0.9484938638459184	42.69177540676766	0.0023055549245327	4.2142637939032976e-11
6	0	no	caipiranha	42083	[4, 4]	5	[11, 11]	0.01	0.3684384627787964	14.711869339383547	0.8590644001960754	1.6720035155555223e-08
7	0	square	caipiranha	42083	[4, 4]	5	[11, 11]	0.01	0.6322803418462196	23.74046312825493	0.0964666828513145	1.672676946010046e-09
8	0	square	caipiranha	42083	[4, 4]	5	[13, 13]	0.01	3.795156955094567e-05	-32.30167627710036	36164204.0	1.518718792765422
9	0	no	caipiranha	42083	[4, 4]	5	[11, 11]	0.001	0.9945293419355804	52.65810434176053	0.0002650186070241	3.2723237854166015e-12
10	0	no	caipiranha	42083	[4, 4]	5	[13, 13]	0.01	0.2372240249386944	4.269563964361721	9.075937271118164	2.5919640089724057e-07
11	0	square	caipiranha	42083	[4, 4]	1	[13, 13]	0.001	0.9543106809843356	43.55326660977039	0.0019758704584091	3.6046420410935776e-11
12	0	square	caipiranha	42083	[4, 4]	10	[11, 11]	0.01	2.792617604036881e-07	-24.84747957381068	1125561270272.0	43927.691016306286
13	0	no	caipiranha	42083	[4, 4]	10	[11, 11]	0.01	8.635190181435265e-07	-92.25469085392886	1961489955028992.0	78324575.13391422
14	0	square	caipiranha	42083	[4, 4]	5	[11, 11]	0.001	0.997849626823946	54.0504295721732	0.0001203087595058	1.7227193073238969e-12
15	0	square	2D_uniform	71825	[4, 4]	1	[11, 11]	0.01	0.9016051827244052	38.99265291339256	0.0043256673961877	8.875962274789712e-11
16	0	square	caipiranha	42083	[4, 4]	10	[11, 11]	0.001	0.9990950241260012	59.77257536244976	4.739193536806852e-05	5.487075738597082e-13
17	0	square	2D_uniform	71825	[4, 4]	1	[11, 11]	0.0001	0.8554623407163409	34.69552089617361	0.0062495414167642	1.5443202378273022e-10
18	0	no	2D_uniform	71825	[4, 4]	1	[11, 11]	0.0001	0.8697788475909456	31.4008238151694	0.0127988783642649	3.9844529226547137e-10
19	0	no	caipiranha	42083	[4, 4]	10	[11, 11]	0.001	0.9942546276736356	53.14619433258678	0.0002800315269269	3.4490609356588494e-12
20	0	no	caipiranha	42083	[4, 4]	10	[13, 13]	0.01	2.666015702518037e-08	-136.90801456462086	1.0853824981758494e+24	4.344415821745455e+16
21	0	square	2D_uniform	71825	[4, 4]	5	[11, 11]	0.01	0.4948291028740314	17.525925054449978	0.3831495344638824	7.062250739465322e-09
22	0	square	caipiranha	42083	[4, 4]	10	[13, 13]	0.01	2.5743143083272e-07	-16.54949752411251	1025988028792832.0	40318601.65517738
23	0	no	2D_uniform	71825	[4, 4]	1	[13, 13]	0.0001	0.8811108733876267	31.93161556358247	0.0120268454775214	3.733814024979896e-10
24	0	square	2D_uniform	71825	[4, 4]	1	[13, 13]	0.0001	0.8582487924797463	35.03173221264555	0.0060105789452791	1.4858515017694862e-10
25	0	no	2D_uniform	71825	[4, 4]	5	[11, 11]	0.0001	0.9886369324549044	48.95363417257684	0.0007150408346205	7.558543793132519e-12
26	0	no	uniform	99535	[4, 4]	1	[11, 11]	0.01	0.9689435314360184	42.35509302370949	0.0015845081070438	2.531690481836688e-11
27	0	square	2D_uniform	71825	[4, 4]	10	[11, 11]	0.0001	0.995332921487626	53.49935125880358	0.0002091966598527	2.256102715441147e-12
28	0	square	uniform	99535	[4, 4]	1	[11, 11]	0.01	0.8762703257128251	35.88918995760489	0.0064455638639628	1.443034027662375e-10
29	0	square	2D_uniform	71825	[4, 4]	10	[11, 11]	0.001	0.9990259605424814	59.04388676567287	5.059149407315999e-05	5.883087291363063e-13
30	0	no	caipiranha	42083	[4, 4]	10	[13, 13]	0.001	0.9945631636771076	49.2347435332871	0.000436435744632	6.296422369741973e-12
31	0	no	uniform	99535	[4, 4]	5	[11, 11]	0.01	0.3271878376762672	11.951336235722414	1.7668815851211548	3.7394559545549774e-08
32	0	square	2D_uniform	71825	[4, 4]	5	[13, 13]	0.0001	0.9906627301773268	50.650761942156485	0.0004023917717859	4.4263763817850426e-12
33	0	no	uniform	99535	[4, 4]	1	[13, 13]	0.01	0.9754019937771584	43.11208444554912	0.0018767809960991	3.4487125006721414e-11
34	0	square	caipiranha	42083	[4, 4]	10	[13, 13]	0.0001	0.9883361342345164	50.59704321095711	0.0004508230485953	4.793558502957261e-12
35	0	square	uniform	99535	[4, 4]	1	[13, 13]	0.01	0.880849359833174	36.07632054308893	0.0069289910607039	1.4380355814551605e-10
36	0	square	uniform	99535	[4, 4]	5	[11, 11]	0.01	0.5216472050800787	19.564103037603587	0.2214044630527496	4.479635953566117e-09
37	0	square	2D_uniform	71825	[4, 4]	10	[13, 13]	0.0001	0.9899164193230506	50.95764618461645	0.0004189883475191	4.505381226886076e-12
38	0	no	2D_uniform	71825	[4, 4]	10	[11, 11]	0.0001	0.989383984716889	49.80858426509268	0.0006731996545568	6.514534463546772e-12
39	0	no	uniform	99535	[4, 4]	1	[11, 11]	0.001	0.9106119561200968	34.204928086825	0.0057365405373275	1.7694762189559159e-10
40	0	square	uniform	99535	[4, 4]	1	[11, 11]	0.001	0.8745944323702731	35.1225627146301	0.0063173407688736	1.5962304648643426e-10
41	0	no	uniform	99535	[4, 4]	5	[13, 13]	0.01	0.2240572200373993	1.6701416547948122	15.496763229370115	4.910939206143077e-07
42	0	no	uniform	99535	[4, 4]	5	[11, 11]	0.001	0.9898518857331048	46.5691531963361	0.0006883645546622	1.3684426699697166e-11
43	0	no	2D_uniform	71825	[4, 4]	10	[13, 13]	0.0001	0.9844830314087076	48.93759654210634	0.0008620264707133	8.273058512622355e-12
44	0	square	uniform	99535	[4, 4]	5	[13, 13]	0.01	0.2717472985089362	9.02109696024118	2.2004554271698	4.972696557666025e-08
45	0	no	uniform	99535	[4, 4]	10	[11, 11]	0.01	4.310536991216056e-07	-95.12831948459254	97249107378176.0	3732858.017731769
46	0	square	uniform	99535	[4, 4]	5	[11, 11]	0.001	0.9949454528114452	50.56321041359675	0.0002193497348343	3.908611555035716e-12
47	0	no	uniform	99535	[4, 4]	10	[11, 11]	0.001	0.9892719809368332	45.43112842846824	0.0008411273011006	2.009901282934579e-11
48	0	square	uniform	99535	[4, 4]	1	[13, 13]	0.001	0.8934065949516573	36.0155647941273	0.0057138549163937	1.4458659604552263e-10
49	0	no	uniform	99535	[4, 4]	1	[13, 13]	0.001	0.917259166223952	34.798398405880995	0.0044949389994144	1.4157186605731257e-10
50	0	square	uniform	99535	[4, 4]	10	[11, 11]	0.01	4.57603581976542e-08	-28.67272605015075	5113401311232.0	213715.82628927424
51	0	no	uniform	99535	[4, 4]	1	[11, 11]	0.0001	0.7688323809310001	26.63173333951006	0.0284152701497077	1.001936848615262e-09
52	0	square	uniform	99535	[4, 4]	1	[11, 11]	0.0001	0.7810170577634674	31.166983785219585	0.0114756943657994	3.3615515812674916e-10
53	0	square	uniform	99535	[4, 4]	10	[11, 11]	0.001	0.9958788925753034	52.29940386412039	0.0001431407872587	2.746578424468035e-12
54	0	square	uniform	99535	[4, 4]	10	[13, 13]	0.01	1.108238691500198e-07	-21.636511225944737	429241346818048.0	16893773.460565843
55	0	no	uniform	99535	[4, 4]	10	[13, 13]	0.001	0.9873817919426552	44.13319774814841	0.0010651189368218	2.3908580316803947e-11
56	0	no	uniform	99535	[4, 4]	5	[11, 11]	0.0001	0.9579126732050152	40.91131860764054	0.0019696899689733	4.088881252593989e-11
57	0	no	uniform	99535	[4, 4]	5	[13, 13]	0.001	0.9886407337968196	45.028883952343655	0.0007507997797802	1.665235406857383e-11
58	0	square	uniform	99535	[4, 4]	5	[13, 13]	0.001	0.9937195429320448	49.20958832184681	0.0003147982060909	5.542301811248417e-12
59	0	no	uniform	99535	[4, 4]	10	[11, 11]	0.0001	0.9722517146377968	44.22380621501509	0.0013756303815171	2.385240638673105e-11
60	0	no	uniform	99535	[4, 4]	10	[13, 13]	0.01	4.69101853179801e-07	-91.89692052104247	1.4192544409714688e+16	627607146.0560589
61	0	square	uniform	99535	[4, 4]	5	[11, 11]	0.0001	0.9887352157898638	48.27689635858648	0.0004388548550195	7.372802142688523e-12
62	0	no	uniform	99535	[4, 4]	1	[13, 13]	0.0001	0.7835079767835353	27.71870030814685	0.0255977641791105	8.922266658108926e-10
63	0	square	uniform	99535	[4, 4]	1	[13, 13]	0.0001	0.7995439816712324	31.899442728376314	0.0108169354498386	3.1613188587607427e-10
64	0	no	random	47879	[4, 4]	1	[11, 11]	0.01	0.8173660480660234	31.94849679935601	0.0158989876508712	2.7758072700305545e-10
65	0	square	random	47879	[4, 4]	1	[11, 11]	0.01	0.82030080333629	33.25602554202484	0.0106641324236989	2.2264543351526812e-10
66	0	square	uniform	99535	[4, 4]	10	[11, 11]	0.0001	0.989995735530842	48.84863610786644	0.0003814465890172	6.184927373427183e-12
67	0	no	random	47879	[4, 4]	5	[11, 11]	0.01	0.237463086437599	10.3165082963348	1.767595887184143	3.8343141776163795e-08
68	0	no	random	47879	[4, 4]	10	[11, 11]	0.01	3.694909385462659e-07	-93.8773753788684	2.37124607541248e+16	971793980.0824052
69	0	no	uniform	99535	[4, 4]	10	[13, 13]	0.0001	0.9611202203270968	43.05465035359399	0.0017478151712566	2.852202064363176e-11
70	0	square	random	47879	[4, 4]	5	[11, 11]	0.01	0.4167770841256502	16.44429075998041	0.4603386521339416	8.904170802087493e-09
71	0	no	uniform	99535	[4, 4]	5	[13, 13]	0.0001	0.9525956944423511	40.765206422571474	0.0021954029798507	4.177647278252952e-11
72	0	square	uniform	99535	[4, 4]	5	[13, 13]	0.0001	0.9777225405324232	45.52167952959224	0.0008908066083677	1.4633892218917608e-11
73	0	square	uniform	99535	[4, 4]	10	[13, 13]	0.001	0.9931861675490996	48.547437221253	0.0003258674987591	6.229895885219133e-12
74	0	no	random	47879	[4, 4]	1	[13, 13]	0.01	0.8321679792781962	32.836303495319335	0.0136604150757193	2.3299064106876786e-10
75	0	square	random	47879	[4, 4]	1	[13, 13]	0.01	0.82878487890775	33.71641247609074	0.0111464075744152	2.1158109455622148e-10
76	0	square	random	47879	[4, 4]	1	[11, 11]	0.001	0.8205130948188418	33.07295233044969	0.0099300136789679	2.2551979230382886e-10
77	0	no	random	47879	[4, 4]	1	[11, 11]	0.001	0.8158644961165387	31.53506575565085	0.0166521370410919	2.8994060741847406e-10
78	0	no	random	47879	[4, 4]	5	[11, 11]	0.001	0.990871929544612	48.18748158273371	0.0005104836309328	8.100854049911985e-12
79	0	square	random	47879	[4, 4]	10	[11, 11]	0.01	6.675256649607799e-07	-19.5304777348599	11949528064.0	467.8555024461444
80	0	no	random	47879	[4, 4]	1	[13, 13]	0.001	0.8338813352520248	32.38623904935952	0.0146415121853351	2.5842555562944304e-10
81	0	no	random	47879	[4, 4]	10	[13, 13]	0.01	1.153924420076623e-07	-90.22364682853038	1.8273148814229504e+16	725850209.8802232
82	0	square	random	47879	[4, 4]	5	[13, 13]	0.01	0.1551417690057526	2.6381030834322834	6.688652992248535	1.9400986777449418e-07
83	0	square	random	47879	[4, 4]	5	[11, 11]	0.001	0.9946283213127564	50.49784310609777	0.000221317706746	3.4691665006943416e-12
84	0	no	random	47879	[4, 4]	5	[13, 13]	0.01	0.2226388264766664	8.232311500709548	2.320032358169556	5.605929642966216e-08
85	0	square	uniform	99535	[4, 4]	10	[13, 13]	0.0001	0.9792323311598966	46.41822574772928	0.0007870605331845	1.2340022079673469e-11
86	0	square	random	47879	[4, 4]	1	[13, 13]	0.001	0.8433385498239865	34.07437466529261	0.0086832782253623	1.9743690909288503e-10
87	0	square	random	47879	[4, 4]	10	[11, 11]	0.001	0.9960157517440398	53.26656950670795	0.0001339655573247	2.0926820525446312e-12
88	0	square	random	47879	[4, 4]	1	[11, 11]	0.0001	0.7726891898365871	30.23267404682437	0.0167037360370159	4.2848101489956686e-10
89	0	no	random	47879	[4, 4]	1	[11, 11]	0.0001	0.6761629963863182	26.66218959178604	0.0450344048440456	9.304879963460105e-10
90	0	no	random	47879	[4, 4]	10	[11, 11]	0.001	0.9920981161371046	49.62982552741288	0.0004057906626258	5.492866536378118e-12
91	0	square	random	47879	[4, 4]	10	[13, 13]	0.01	1.765818415658193e-07	-29.413946261718998	964114729926656.0	39623907.74764457
92	0	no	random	47879	[4, 4]	5	[13, 13]	0.001	0.9908337959037304	47.33585364996805	0.0005970189231447	9.503873623147715e-12
93	0	no	random	47879	[4, 4]	5	[11, 11]	0.0001	0.9640505356846184	44.025626896514936	0.0014077215455472	2.132266033644457e-11
94	0	no	random	47879	[4, 4]	1	[13, 13]	0.0001	0.6978614889819845	27.54320921769613	0.0408252365887165	8.471182032921802e-10
95	0	square	random	47879	[4, 4]	1	[13, 13]	0.0001	0.7836809724730623	30.77110087136052	0.0158409215509891	4.0334174915195956e-10
96	0	square	random	47879	[4, 4]	5	[11, 11]	0.0001	0.987714026715954	48.00867682735579	0.000462218071334	6.933735516615971e-12
97	0	square	random	47879	[4, 4]	5	[13, 13]	0.001	0.9941285278495264	50.18932970576358	0.0003077345609199	4.9015934361736376e-12
98	0	no	random	47879	[4, 4]	5	[13, 13]	0.0001	0.9631496679644626	43.83709761326212	0.0014760708436369	2.1447194215138097e-11
99	0	no	random	36734	[4, 4]	1	[11, 11]	0.01	0.7950364569226558	30.73131150174747	0.0147130126133561	3.3621112571952256e-10
100	0	square	random	36734	[4, 4]	1	[11, 11]	0.01	0.8088032775595945	32.06952142759167	0.0112506365403532	2.7502409576305074e-10
101	0	square	random	47879	[4, 4]	10	[11, 11]	0.0001	0.9915742962714438	50.11089529955222	0.0003259510558564	4.484736249112801e-12
102	0	square	random	47879	[4, 4]	5	[13, 13]	0.0001	0.9753871108351836	45.66873225075956	0.0009297207579948	1.3763483489441586e-11
103	0	no	random	47879	[4, 4]	10	[13, 13]	0.0001	0.9707006406992852	45.779092440719005	0.0011065006256103	1.4145826519961916e-11
104	0	square	random	36734	[4, 4]	5	[11, 11]	0.01	0.6081049855192576	24.485112231388563	0.0771497264504432	1.523556216613318e-09
105	0	no	random	47879	[4, 4]	10	[11, 11]	0.0001	0.9742136037444314	45.86117625086204	0.0010516592301428	1.3584727058032371e-11
106	0	no	random	36734	[4, 4]	1	[13, 13]	0.01	0.8223983273026879	31.658747041253477	0.012075294740498	2.7910640031048816e-10
107	0	square	random	36734	[4, 4]	1	[13, 13]	0.01	0.8081258632630903	32.601384317783754	0.0112277111038565	2.5631092785359475e-10
108	0	no	random	36734	[4, 4]	5	[11, 11]	0.01	0.3609435717401262	15.850861384854342	0.565352201461792	1.0316119640296702e-08
109	0	no	random	47879	[4, 4]	10	[13, 13]	0.001	0.9857477962873864	42.67935571740874	0.0011002128012478	1.967044570706352e-11
110	0	square	random	47879	[4, 4]	10	[13, 13]	0.001	0.9942643728998604	50.06797348473205	0.0002895258076023	4.4178633975908585e-12
111	0	square	random	36734	[4, 4]	1	[11, 11]	0.001	0.808350277437185	31.96340692329043	0.0107044819742441	2.8536380613388717e-10
112	0	square	random	47879	[4, 4]	10	[13, 13]	0.0001	0.9802114286059522	47.25769861742893	0.0007494208402931	1.0396129628935546e-11
113	0	square	random	36734	[4, 4]	10	[11, 11]	0.01	1.1061633187596649e-07	-33.10876233983357	1.0250838173810688e+16	410791446.5054987
114	0	no	random	36734	[4, 4]	1	[13, 13]	0.001	0.7923148044029926	29.95399234282141	0.0161672662943601	4.2043892822743884e-10
115	0	no	random	36734	[4, 4]	10	[11, 11]	0.01	1.1050391052686844e-09	-78.10961794250164	1.1948544256638976e+16	469627120.3681309
116	0	square	random	36734	[4, 4]	1	[13, 13]	0.001	0.8249032793476573	32.73666824831839	0.0094816200435161	2.5370512324389524e-10
117	0	no	random	36734	[4, 4]	5	[13, 13]	0.01	0.14383507017102	1.2713749702334467	8.977947235107422	2.731978830369547e-07
118	0	no	random	36734	[4, 4]	10	[13, 13]	0.01	1.0587519648216136e-05	-91.42011718402144	2356532477952.0	96892.65279308124
119	0	no	random	36734	[4, 4]	5	[11, 11]	0.001	0.9868099707090509	45.04419783841834	0.0008453503833152	1.4961307452993136e-11
120	0	no	random	36734	[4, 4]	1	[11, 11]	0.0001	0.611960069355808	24.3597672497693	0.0636135190725326	1.7472827196081047e-09
121	0	square	random	36734	[4, 4]	1	[11, 11]	0.0001	0.7646971643044035	29.8580895691387	0.0171078816056251	4.887854242324454e-10
122	0	square	random	36734	[4, 4]	10	[11, 11]	0.001	0.9949600049619572	51.49879416726581	0.0001686770119704	3.0504331365533788e-12
123	0	square	random	36734	[4, 4]	5	[11, 11]	0.001	0.9929824258822496	48.531746890221896	0.0003132023266516	5.579692460762061e-12
124	0	no	random	36734	[4, 4]	5	[13, 13]	0.001	0.9884811275330748	45.721539538195984	0.0007368499063886	1.3990070775948375e-11
125	0	square	random	36734	[4, 4]	5	[13, 13]	0.001	0.9916102418071908	47.26414496210077	0.0005151739460416	9.219631532855855e-12
126	0	no	random	36734	[4, 4]	1	[13, 13]	0.0001	0.6290290993610742	25.256490541564595	0.057187408208847	1.589758764278188e-09
127	0	no	random	36734	[4, 4]	5	[11, 11]	0.0001	0.9609296172824192	42.83992461964313	0.0016333759995177	2.8369451216052297e-11
128	0	square	random	36734	[4, 4]	1	[13, 13]	0.0001	0.7731170053684678	30.37891493694839	0.0159026477485895	4.5136578113790474e-10
129	0	no	random	36734	[4, 4]	10	[11, 11]	0.0001	0.9702507247836248	44.53755109080208	0.0011944745201617	1.7846232061450648e-11
130	0	square	random	36734	[4, 4]	5	[11, 11]	0.0001	0.9853590144392412	46.51964434644684	0.0005853041657246	1.0558651114218744e-11
131	0	square	random	36734	[4, 4]	5	[13, 13]	0.0001	0.9753604420708344	44.7390158352484	0.0009881218429654	1.755544427259757e-11
132	0	no	random	48636	[4, 4]	1	[11, 11]	0.01	0.760216195384703	30.46331900717649	0.0188475586473941	3.9296088524457055e-10
133	0	square	random	36734	[4, 4]	10	[13, 13]	0.01	1.136382248716272e-07	-25.46537105663189	8810808117035008.0	347742161.4299662
134	0	square	random	48636	[4, 4]	1	[11, 11]	0.01	0.8122381382091092	32.854972330925825	0.0106498813256621	2.3307875973624156e-10
135	0	no	random	36734	[4, 4]	10	[13, 13]	0.001	0.9865712874647554	43.83300507773672	0.000934142677579	1.705901927270991e-11
136	0	no	random	36734	[4, 4]	5	[13, 13]	0.0001	0.9599108738563022	43.129066592177736	0.0016209668247029	2.7175650469267358e-11
137	0	no	random	48636	[4, 4]	1	[13, 13]	0.01	0.7880412423376557	31.191826499899435	0.0151777490973472	3.2742973003709363e-10
138	0	square	random	48636	[4, 4]	1	[13, 13]	0.01	0.8320346950346993	33.688406306341065	0.0113929258659482	2.2347843849795288e-10
139	0	square	random	36734	[4, 4]	10	[11, 11]	0.0001	0.9900617790049284	48.76768005157118	0.0003738440282177	6.091035802640518e-12
140	0	no	random	48636	[4, 4]	5	[11, 11]	0.01	0.4775415057026261	20.47592374774289	0.1972977072000503	3.682799305660595e-09
141	0	square	random	36734	[4, 4]	10	[13, 13]	0.0001	0.9814284219720064	46.49863339392339	0.000722853350453	1.176839505817062e-11
142	0	no	random	48636	[4, 4]	10	[11, 11]	0.01	4.587465817158496e-06	-87.4566175400974	2759620640636928.0	110241210.78526343
143	0	no	random	48636	[4, 4]	1	[11, 11]	0.001	0.7567087637512966	29.65980948713909	0.019466545432806	4.368177304350007e-10
144	0	square	random	36734	[4, 4]	10	[13, 13]	0.001	0.9924208152896368	47.89618407747973	0.0003754863864742	6.460626557963533e-12
145	0	square	random	48636	[4, 4]	1	[11, 11]	0.001	0.8169439788332505	32.82811095787957	0.0099237663671374	2.3505827110957316e-10
146	0	no	random	36734	[4, 4]	10	[13, 13]	0.0001	0.970032279957498	44.89215249108311	0.0011920238612219	1.703357549729459e-11
147	0	no	random	48636	[4, 4]	1	[13, 13]	0.001	0.7856086183750904	30.947205843779145	0.0164838284254074	3.7352594748737044e-10
148	0	square	random	48636	[4, 4]	10	[11, 11]	0.01	1.0726305545966137e-07	-26.48950120670627	13009761075200.0	519251.4567503636
149	0	square	random	48636	[4, 4]	1	[13, 13]	0.001	0.8392393214532362	33.9111793987278	0.0086585814133286	2.0415432244693102e-10
150	0	no	random	48636	[4, 4]	5	[11, 11]	0.001	0.9908221505249992	47.4109557243493	0.0005435308557935	8.680479599463575e-12
151	0	square	random	48636	[4, 4]	5	[11, 11]	0.001	0.995501507526739	50.99316100408929	0.0001988468866329	3.2157696485556404e-12
152	0	no	random	48636	[4, 4]	1	[11, 11]	0.0001	0.6298356250575922	24.92726179231054	0.0508916042745113	1.3011750584923132e-09
153	0	square	random	48636	[4, 4]	5	[13, 13]	0.001	0.9930440142740868	48.85952074762678	0.0004009905969724	6.5144931219687904e-12
154	0	square	random	48636	[4, 4]	1	[11, 11]	0.0001	0.7750317508821954	30.43626925952171	0.0156513191759586	4.1276291160225693e-10
155	0	square	random	48636	[4, 4]	10	[13, 13]	0.001	0.9935998342365848	48.24292681338372	0.0003358534595463	5.920562358127208e-12
156	0	no	random	48636	[4, 4]	5	[11, 11]	0.0001	0.9691937548928432	44.88077674678047	0.0012489085784181	1.889964734719443e-11
157	0	square	random	48636	[4, 4]	1	[13, 13]	0.0001	0.7815623997486886	30.876035335994764	0.0148043511435389	3.892365001864576e-10
158	0	no	random	48636	[4, 4]	1	[13, 13]	0.0001	0.6560434741150031	25.899569829202168	0.0448410511016845	1.1608884666293843e-09
159	0	square	random	48636	[4, 4]	5	[11, 11]	0.0001	0.9893636337512294	48.64876553632368	0.0003814567462541	6.0311602821337785e-12
160	0	no	random	48636	[4, 4]	10	[11, 11]	0.0001	0.974633911636018	45.91158088427102	0.0009943437762558	1.3181952715890556e-11
161	0	no	random	59566	[4, 4]	1	[11, 11]	0.01	0.8336860714570112	33.19065632329184	0.0102627100422978	2.1812759778958983e-10
162	0	square	random	59566	[4, 4]	1	[11, 11]	0.01	0.8238637875074327	33.6257546558934	0.0091887908056378	1.9902435799869378e-10
163	0	square	random	59566	[4, 4]	1	[13, 13]	0.01	0.8426695012457797	34.2316350724725	0.0098479082807898	1.9400147889789601e-10
164	0	no	random	59566	[4, 4]	10	[11, 11]	0.01	1.1466589525497415e-07	-83.55567419225386	2977907521617920.0	122538017.1473172
165	0	square	random	59566	[4, 4]	5	[11, 11]	0.01	0.5024841035863182	19.98872858861335	0.2227106690406799	4.1642014416591506e-09
166	0	square	random	59566	[4, 4]	10	[11, 11]	0.01	1.3299778243200728e-07	-21.815943085529867	1.031480419549184e+16	402510068.3562471
167	0	square	random	48636	[4, 4]	10	[11, 11]	0.0001	0.9920159061237342	50.40643728352487	0.0002845019043888	4.148528956004995e-12
168	0	no	random	48636	[4, 4]	5	[13, 13]	0.0001	0.9675430625998352	44.68007402791492	0.0012725434498861	1.892639021705581e-11
169	0	no	random	48636	[4, 4]	10	[13, 13]	0.001	0.9903321591340216	45.71435067393835	0.0006810488412156	1.0634662811920482e-11
170	0	no	random	59566	[4, 4]	1	[11, 11]	0.001	0.8222477992421853	32.16634301807795	0.0115644950419664	2.7039277436300903e-10
171	0	square	random	59566	[4, 4]	1	[11, 11]	0.001	0.8364651905467491	33.92673792920313	0.0084266066551208	1.9517805022147344e-10
172	0	square	random	59566	[4, 4]	5	[13, 13]	0.01	3.123525774364485e-07	-26.892236196403164	2444551424.0	97.5400418109959
173	0	no	random	59566	[4, 4]	5	[11, 11]	0.001	0.9906141638781946	47.75264049687445	0.0005830420996062	9.204975689495746e-12
174	0	no	random	59566	[4, 4]	1	[13, 13]	0.001	0.8421309303818502	33.13136912973977	0.0098326141014695	2.3241912844885454e-10
175	0	no	random	59566	[4, 4]	5	[13, 13]	0.01	0.038552920760606	-11.528256376112346	154.30532836914062	5.768797617110498e-06
176	0	no	random	59566	[4, 4]	10	[13, 13]	0.01	4.248665903700869e-06	-88.40309506340952	1.53386435477504e+16	596500302.056259
177	0	square	random	59566	[4, 4]	1	[13, 13]	0.001	0.8607891132642138	35.10742203866744	0.0072598699480295	1.6830617375783074e-10
178	0	no	random	59566	[4, 4]	10	[11, 11]	0.001	0.9912541318802944	48.599455695128185	0.0004478931368794	7.0296261431597895e-12
179	0	square	random	59566	[4, 4]	5	[11, 11]	0.001	0.9958969544616316	52.4181251281788	0.000174311819137	2.6612202398616568e-12
180	0	no	random	59566	[4, 4]	1	[11, 11]	0.0001	0.6986283837583723	27.090995082336327	0.0335192568600177	8.600909837993817e-10
181	0	no	random	48636	[4, 4]	10	[13, 13]	0.0001	0.9731186620207812	46.16254242423842	0.0010299533605575	1.3316757823303595e-11
182	0	square	random	59566	[4, 4]	1	[11, 11]	0.0001	0.7826550727179832	30.558854527546615	0.0155336344614624	4.080850462108592e-10
183	0	no	random	59566	[4, 4]	5	[11, 11]	0.0001	0.9593596810393468	43.39268706888846	0.0015412747161462	2.4963419990378016e-11
184	0	no	random	59566	[4, 4]	5	[13, 13]	0.001	0.9898980106382732	46.91840109345617	0.0006530492100864	1.0795306796470678e-11
185	0	no	random	59566	[4, 4]	1	[13, 13]	0.0001	0.7235630052810434	28.10298333691261	0.0298339556902647	7.59540293839737e-10
186	0	square	random	59566	[4, 4]	10	[11, 11]	0.001	0.9962153381635296	53.830321589114135	0.0001133082914748	1.8031296973201261e-12
187	0	square	random	59566	[4, 4]	1	[13, 13]	0.0001	0.7939710228810214	31.153193559631266	0.0147219263017177	3.848684800765003e-10
188	0	no	random	59566	[4, 4]	10	[13, 13]	0.001	0.9884509759189872	44.30925889891952	0.0010487074032425	1.8628746352858196e-11
189	0	square	random	59566	[4, 4]	5	[13, 13]	0.001	0.9938588368648044	49.014439092780286	0.0003134476428385	5.300442054571759e-12
190	0	square	random	59566	[4, 4]	5	[11, 11]	0.0001	0.9895145622547395	48.87055041234953	0.0003864263417199	5.800189953326301e-12
191	0	square	random	59566	[4, 4]	10	[13, 13]	0.01	6.999076979151653e-08	-23.503943014430885	9433400670683136.0	380738368.94602334
192	0	no	random	44826	[4, 4]	1	[11, 11]	0.01	0.8204636283703645	31.71156405490372	0.0152879236266016	3.1243214058175333e-10
193	0	square	random	59566	[4, 4]	10	[11, 11]	0.0001	0.991633692680365	50.19029256533863	0.0003019760479219	4.293261631665024e-12
194	0	square	random	44826	[4, 4]	1	[11, 11]	0.01	0.8078894018940135	32.81590306832943	0.012292206287384	2.5895001809383275e-10
195	0	square	random	59566	[4, 4]	10	[13, 13]	0.001	0.99350516911229	48.86640533341335	0.0003260729135945	5.819130954151682e-12
196	0	square	random	44826	[4, 4]	5	[11, 11]	0.01	0.3737656240927747	14.371927854152291	0.6568233966827393	1.3860233159483909e-08
197	0	square	random	59566	[4, 4]	5	[13, 13]	0.0001	0.9768851906945007	46.01633801810345	0.0007982141105458	1.2005885990544199e-11
198	0	no	random	44826	[4, 4]	1	[13, 13]	0.01	0.8272084280466251	31.322405632898388	0.0158316679298877	3.3781981404037116e-10
199	0	no	random	59566	[4, 4]	5	[13, 13]	0.0001	0.951980547912599	42.47804454300394	0.0017900699749588	2.890528713028569e-11
200	0	square	random	44826	[4, 4]	1	[13, 13]	0.01	0.8249819212182145	33.381020589449626	0.0127546004951	2.468700079785037e-10
201	0	no	random	59566	[4, 4]	10	[11, 11]	0.0001	0.9684858302783058	45.239061123545866	0.0011692368425428	1.5985815398977643e-11
202	0	no	random	59566	[4, 4]	10	[13, 13]	0.0001	0.9609220457720452	44.44682309270056	0.001398033928126	1.9449812326223402e-11
203	0	no	random	44826	[4, 4]	5	[11, 11]	0.01	0.3285960128601141	15.264335349689985	0.594211757183075	1.146509705673851e-08
204	0	no	random	44826	[4, 4]	1	[11, 11]	0.001	0.8110424821743559	30.69891152335816	0.0166623406112194	3.7685534373288816e-10
205	0	square	random	44826	[4, 4]	1	[11, 11]	0.001	0.8179222259667069	32.90303666041749	0.0114302774891257	2.606343708603628e-10
206	0	no	random	44826	[4, 4]	5	[13, 13]	0.01	0.1018823241375404	-2.881861235539292	17.30726432800293	5.379582460341967e-07
207	0	no	random	44826	[4, 4]	5	[11, 11]	0.001	0.9873707629313078	45.59217256220273	0.0009637410985305	1.6268959419886326e-11
208	0	square	random	44826	[4, 4]	10	[11, 11]	0.01	6.247019853331085e-08	-26.74432528255106	3583638033661952.0	147957187.61525616
209	0	no	random	44826	[4, 4]	1	[13, 13]	0.001	0.830213804558684	31.535972250186525	0.0138958171010017	3.178962153376556e-10
210	0	no	random	44826	[4, 4]	10	[11, 11]	0.01	4.782195212442025e-06	-89.114097816966	1283658887462912.0	52686274.27523679
211	0	square	random	44826	[4, 4]	5	[13, 13]	0.01	0.2883618511498755	12.062413535309672	1.1995035409927368	2.3510991451087788e-08
212	0	square	random	44826	[4, 4]	5	[11, 11]	0.001	0.993963521101632	49.664334595493	0.0002790316066239	4.4804859182131855e-12
213	0	square	random	44826	[4, 4]	1	[13, 13]	0.001	0.843498466400865	34.0297009296207	0.0099200140684843	2.2470900577233978e-10
214	0	no	random	44826	[4, 4]	10	[11, 11]	0.001	0.9888705613833868	46.62926275552966	0.0007832209812477	1.2355222738224415e-11
215	0	no	random	44826	[4, 4]	1	[11, 11]	0.0001	0.7012933824480171	25.854390886760147	0.0404456444084644	1.1023963603799062e-09
216	0	square	random	59566	[4, 4]	10	[13, 13]	0.0001	0.9789131493829324	46.95891849640154	0.0007385974749922	1.0504086941042078e-11
217	0	square	random	44826	[4, 4]	10	[11, 11]	0.001	0.9952467665636738	52.18274935559276	0.0001692463556537	2.6883120919234427e-12
218	0	square	random	44826	[4, 4]	1	[11, 11]	0.0001	0.7707246271643877	30.164608444327094	0.0178634747862815	4.676144228600007e-10
219	0	no	random	44826	[4, 4]	10	[13, 13]	0.01	6.217277034325321e-07	-89.25039035957822	5279514997293056.0	210837969.9810848
220	0	square	random	44826	[4, 4]	5	[11, 11]	0.0001	0.9879554711415652	47.752952251310994	0.0005584899336099	8.46049434604725e-12
221	0	no	random	44826	[4, 4]	1	[13, 13]	0.0001	0.7154747112583493	26.791729649914195	0.0363934226334095	9.821241427540387e-10
222	0	no	random	44826	[4, 4]	5	[13, 13]	0.001	0.9858671225697572	44.70657735229487	0.0009118046145886	1.5501512087165484e-11
223	0	square	random	44826	[4, 4]	5	[13, 13]	0.001	0.9924459661008216	48.11487560030479	0.0004324586479924	7.022350539970714e-12
224	0	no	random	44826	[4, 4]	10	[11, 11]	0.0001	0.9463066731040164	41.667736480757824	0.0022064780350774	3.4936276976624445e-11
225	0	no	random	44826	[4, 4]	5	[11, 11]	0.0001	0.9308571024553473	38.99602110631771	0.0032842599321156	5.887602373585077e-11
226	0	square	random	44826	[4, 4]	1	[13, 13]	0.0001	0.7825686945430484	30.817499104376505	0.0167743600904941	4.370919647740954e-10
227	0	square	random	44826	[4, 4]	10	[13, 13]	0.01	6.772962321567177e-08	-19.32221785982128	2.180773080517837e+16	879217993.0499696
228	0	no	random	51584	[4, 4]	1	[11, 11]	0.01	0.7790393631394094	30.35435352605912	0.0177699998021125	3.9980375730413267e-10
229	0	square	random	51584	[4, 4]	1	[11, 11]	0.01	0.7976449057244707	31.748806153847507	0.0124279595911502	2.9485756572904857e-10
230	0	square	random	44826	[4, 4]	10	[11, 11]	0.0001	0.991044167700468	49.55671151349753	0.0003757461672648	5.270056199545627e-12
231	0	square	random	44826	[4, 4]	10	[13, 13]	0.001	0.9925424899456494	47.65717514656575	0.0004292842349968	7.307140315514997e-12
232	0	no	random	44826	[4, 4]	10	[13, 13]	0.0001	0.932457124779297	40.54030267834637	0.0029275089036673	4.721656246378127e-11
233	0	no	random	44826	[4, 4]	5	[13, 13]	0.0001	0.914650445310717	37.67210838158549	0.0041801650077104	7.786374946074459e-11
234	0	square	random	44826	[4, 4]	5	[13, 13]	0.0001	0.9735016809496116	45.0754975525108	0.0010903262300416	1.6416181788382467e-11
235	0	no	random	51584	[4, 4]	5	[11, 11]	0.01	0.5402266729461456	22.462648092161515	0.1323817372322082	2.6515876326527433e-09
236	0	no	random	44826	[4, 4]	10	[13, 13]	0.001	0.9855015505749338	43.43080513882938	0.001234077499248	2.1773333369358853e-11
237	0	no	random	51584	[4, 4]	1	[13, 13]	0.01	0.7857036153172413	30.633912105986152	0.0151598211377859	3.379794677367069e-10
238	0	square	random	51584	[4, 4]	1	[13, 13]	0.01	0.8085247107812602	32.67836536757251	0.0121700298041105	2.6665515611172507e-10
239	0	square	random	51584	[4, 4]	5	[11, 11]	0.01	0.61671010574274	24.52371730913969	0.0759029015898704	1.4585905030814302e-09
240	0	no	random	51584	[4, 4]	1	[11, 11]	0.001	0.7672422081410157	29.509745333494635	0.019609585404396	4.584616768935791e-10
241	0	square	random	51584	[4, 4]	1	[11, 11]	0.001	0.799531736725713	31.8096692754709	0.0113249067217111	2.8704809458759747e-10
242	0	no	random	51584	[4, 4]	10	[11, 11]	0.01	6.382704675256101e-07	-86.1506259158632	8623717731008512.0	341901130.2070869
243	0	square	random	51584	[4, 4]	10	[11, 11]	0.01	4.676912554841349e-07	-20.08479339816291	1.0583949394837504e+16	423775330.8539991
244	0	square	random	51584	[4, 4]	5	[11, 11]	0.001	0.9944566922707092	50.36810279889713	0.0002310284035047	3.888096995065307e-12
245	0	no	random	51584	[4, 4]	1	[13, 13]	0.001	0.7894171986783057	30.39199280544721	0.0168062001466751	3.986912194865821e-10
246	0	square	random	51584	[4, 4]	1	[13, 13]	0.001	0.8194448974523835	32.68681255789021	0.0099362414330244	2.532223069343194e-10
247	0	no	random	51584	[4, 4]	5	[11, 11]	0.001	0.9893984417609328	46.067199166681256	0.0006614773301407	1.0956289645579008e-11
248	0	no	random	51584	[4, 4]	5	[13, 13]	0.01	0.1710634612699789	6.835322577991535	3.32873010635376	7.979546092139754e-08
249	0	square	random	44826	[4, 4]	10	[13, 13]	0.0001	0.9786952989894364	46.49495339684557	0.0008449698216281	1.2111959264741319e-11
250	0	square	random	51584	[4, 4]	5	[13, 13]	0.001	0.9935342618286952	49.513473955482006	0.0003144242800772	5.26392465064854e-12
251	0	square	random	51584	[4, 4]	1	[11, 11]	0.0001	0.7614828600350387	29.89510895838138	0.0175735484808683	4.766528263080304e-10
252	0	no	random	51584	[4, 4]	1	[11, 11]	0.0001	0.6586584332384705	25.975352429351773	0.0461559034883976	1.1773110908548176e-09
253	0	square	random	51584	[4, 4]	10	[11, 11]	0.001	0.9956598907171788	52.61373957875513	0.0001423286303179	2.433482471338581e-12
254	0	no	random	51584	[4, 4]	5	[13, 13]	0.001	0.9905846674582828	47.42883540098216	0.0006391504430212	9.849349420885736e-12
255	0	no	random	51584	[4, 4]	5	[11, 11]	0.0001	0.9577036333476368	42.87776580776406	0.0016427832888439	2.684448364749586e-11
256	0	no	random	51584	[4, 4]	10	[11, 11]	0.001	0.9910616199097776	48.6753399808789	0.0004954160540364	7.30339369309482e-12
257	0	no	random	51584	[4, 4]	1	[13, 13]	0.0001	0.6818048641022747	26.876790954595748	0.0411777980625629	1.050976048176426e-09
258	0	square	random	51584	[4, 4]	1	[13, 13]	0.0001	0.7719334846234923	30.48658766341334	0.0162715259939432	4.4049549680571576e-10
259	0	no	random	51584	[4, 4]	10	[13, 13]	0.01	5.812814238663442e-07	-78.1572659344917	2.7191399296270336e+16	1094965268.1027188
260	0	square	random	51584	[4, 4]	10	[13, 13]	0.01	1.888834920137449e-07	-22.0926642172358	1.5743942431604736e+16	640468683.8193322
261	0	square	random	51584	[4, 4]	5	[11, 11]	0.0001	0.9879021124357026	47.73755740568561	0.0004786473873537	7.812812203425196e-12
262	0	no	random	51584	[4, 4]	5	[13, 13]	0.0001	0.9569437461501084	42.91687930217378	0.0017098668031394	2.7197096113527613e-11
263	0	no	random	4368	[4, 4]	1	[11, 11]	0.01	0.7921295830568778	31.34604357444637	0.0157303679734468	3.179370589893195e-10
264	0	no	random	51584	[4, 4]	10	[11, 11]	0.0001	0.9700003233491892	45.06127617789118	0.0011928360909223	1.701064045210916e-11
265	0	square	random	51584	[4, 4]	10	[11, 11]	0.0001	0.9916212421353502	49.79121903312035	0.0003258720971643	4.862079862797999e-12
266	0	square	random	51584	[4, 4]	10	[13, 13]	0.001	0.9934845695416744	49.346195900215776	0.000316575897159	5.398216144636977e-12
267	0	square	random	4368	[4, 4]	1	[11, 11]	0.01	0.8075021461483113	32.37816890712956	0.011713839136064	2.5876647618647327e-10
268	0	no	random	4368	[4, 4]	1	[13, 13]	0.01	0.8139084175500393	32.07034147507247	0.0131878871470689	2.653103083948349e-10
269	0	square	random	4368	[4, 4]	1	[13, 13]	0.01	0.819808478616514	33.13129967056415	0.011554978787899	2.437667652209424e-10
270	0	square	random	4368	[4, 4]	5	[11, 11]	0.01	0.6174577350457244	24.5491071844506	0.0808399394154548	1.5892550830792923e-09
271	0	square	random	51584	[4, 4]	5	[13, 13]	0.0001	0.977897285924389	45.83006842254318	0.0008666750509291	1.4021910717160964e-11
272	0	no	random	51584	[4, 4]	10	[13, 13]	0.001	0.9804918164331418	40.19166865982263	0.0016453075222671	3.474328649601692e-11
273	0	no	random	4368	[4, 4]	5	[11, 11]	0.01	0.2462418634642285	10.034118704010238	1.5788178443908691	3.3438543997317625e-08
274	0	no	random	4368	[4, 4]	5	[13, 13]	0.01	0.1822358902681748	1.4101916827739605	9.076678276062012	2.863590928716252e-07
275	0	no	random	4368	[4, 4]	1	[11, 11]	0.001	0.7902238205628902	30.66509475080897	0.0166636928915977	3.558837607101762e-10
276	0	square	random	4368	[4, 4]	1	[11, 11]	0.001	0.8131307743385685	32.675744996944374	0.0104935755953192	2.477612780661e-10
277	0	no	random	4368	[4, 4]	10	[11, 11]	0.01	1.8269600066233167e-06	-85.79308479982029	5700987117371392.0	222783268.220317
278	0	square	random	4368	[4, 4]	10	[11, 11]	0.01	6.165127140629557e-07	-31.07514101396972	39739142144.0	1610.0396822353391
279	0	square	random	4368	[4, 4]	5	[13, 13]	0.01	0.2008539033960689	7.533115654784098	2.8094263076782227	6.743188098262019e-08
280	0	square	random	4368	[4, 4]	5	[11, 11]	0.001	0.9944685606831564	50.159032767021465	0.0002696888986974	3.9429759067486616e-12
281	0	no	random	4368	[4, 4]	1	[13, 13]	0.001	0.8151656681860827	31.70491591767915	0.0140155330300331	2.9947566686409215e-10
282	0	square	random	4368	[4, 4]	1	[13, 13]	0.001	0.833993678122508	33.6047361536028	0.009201887063682	2.1681974503918878e-10
283	0	no	random	51584	[4, 4]	10	[13, 13]	0.0001	0.9645516548901252	44.48725771281944	0.0012778047239407	1.7796552498178393e-11
284	0	square	random	51584	[4, 4]	10	[13, 13]	0.0001	0.9830875367499864	47.18225450186064	0.0006683219689875	1.0036544047692044e-11
285	0	no	random	4368	[4, 4]	5	[11, 11]	0.001	0.9907900249601724	47.35629188830495	0.0006436337716877	9.690902862633764e-12
286	0	square	random	4368	[4, 4]	5	[13, 13]	0.001	0.9937573478748494	49.06477066400914	0.0003654507454484	5.975108998876735e-12
287	0	no	random	4368	[4, 4]	1	[11, 11]	0.0001	0.66829018321055	26.21813942775047	0.0443577021360397	1.077164504666117e-09
288	0	no	random	4368	[4, 4]	5	[13, 13]	0.001	0.9904436464307244	47.25661792017568	0.0007339282310567	1.1371752031833235e-11
289	0	square	random	4368	[4, 4]	1	[11, 11]	0.0001	0.7780795214855971	30.34983498807547	0.0159822553396224	4.19816808295662e-10
290	0	square	random	4368	[4, 4]	10	[11, 11]	0.001	0.9957502750324726	52.7019373973705	0.0001439246843801	2.2900813377100613e-12
291	0	no	random	4368	[4, 4]	10	[11, 11]	0.001	0.991594546970842	48.6747919276952	0.0005263517959974	6.9257152990102726e-12
292	0	no	random	4368	[4, 4]	10	[13, 13]	0.01	8.076687566220954e-05	-95.9648928982323	56578921201664.0	2261943.0941908867
293	0	square	random	4368	[4, 4]	10	[13, 13]	0.01	1.427084878282464e-07	-24.87612078201389	6604841509978112.0	280545279.65864486
294	0	no	random	4368	[4, 4]	1	[13, 13]	0.0001	0.6876355232837799	27.092302675399573	0.0395022295415401	9.587490976334906e-10
295	0	square	random	4368	[4, 4]	1	[13, 13]	0.0001	0.7868445169923018	30.88574815912461	0.015086350031197	3.9654783463648557e-10
296	0	no	random	4368	[4, 4]	5	[11, 11]	0.0001	0.960695148238956	43.41173474459775	0.0016378184081986	2.532285021255015e-11
297	0	square	random	4368	[4, 4]	5	[11, 11]	0.0001	0.9891678936057152	48.37136648317566	0.0004808825324289	6.789341569504725e-12
298	0	square	random	4368	[4, 4]	10	[11, 11]	0.0001	0.9923868157063748	50.30703001060332	0.0003262655227445	4.254119749260543e-12
299	0	no	random	187	[4, 4]	1	[11, 11]	0.01	0.8010506816215145	32.26282598830358	0.0137772159650921	2.621953188793783e-10
300	0	square	random	187	[4, 4]	1	[11, 11]	0.01	0.8101862266725495	32.679318868886746	0.0117616420611739	2.423943373630245e-10
301	0	square	random	4368	[4, 4]	10	[13, 13]	0.001	0.9939964010297888	48.66519212308874	0.0003318937961012	5.212193703880176e-12
302	0	square	random	187	[4, 4]	5	[11, 11]	0.01	0.5767810464202264	22.28973579643212	0.1237361282110214	2.283576898189312e-09
303	0	no	random	4368	[4, 4]	10	[13, 13]	0.001	0.987581016600186	43.34924741276156	0.0011545238085091	2.11774194737247e-11
304	0	no	random	4368	[4, 4]	10	[11, 11]	0.0001	0.9711351462663486	45.29716158453081	0.0012020560679957	1.5965487027720522e-11
305	0	no	random	4368	[4, 4]	5	[13, 13]	0.0001	0.9591367273993576	43.47059164215304	0.0016794624971225	2.5447822998377337e-11
306	0	square	random	4368	[4, 4]	5	[13, 13]	0.0001	0.9792190917820656	46.263310000687376	0.0008662705658935	1.2483098524501984e-11
307	0	no	random	187	[4, 4]	5	[11, 11]	0.01	0.30695457467918	14.33577456270767	0.6842830777168274	1.3097352908720675e-08
308	0	no	random	187	[4, 4]	1	[13, 13]	0.01	0.8163498976636704	32.751590102321714	0.0117703611031174	2.2658422174991919e-10
309	0	square	random	187	[4, 4]	1	[13, 13]	0.01	0.8254619519832983	33.5119130236721	0.0126686068251729	2.329507285306003e-10
310	0	no	random	187	[4, 4]	1	[11, 11]	0.001	0.7829420953723577	30.96597013447759	0.0155018987134099	3.200185417493571e-10
311	0	square	random	187	[4, 4]	1	[11, 11]	0.001	0.8137816876929351	32.8258918506164	0.0108760520815849	2.427805530910574e-10
312	0	square	random	187	[4, 4]	10	[11, 11]	0.01	1.041909386993907e-07	-27.621491162929583	1.2685264291889152e+16	505257990.3861448
313	0	no	random	187	[4, 4]	10	[11, 11]	0.01	1.0052415509692468e-07	-90.41098963203848	637990011404288.0	25154960.97235239
314	0	square	random	187	[4, 4]	5	[13, 13]	0.01	3.1153458262684744e-06	-22.20099207514613	177130816.0	7.053175019881659
315	0	no	random	4368	[4, 4]	10	[13, 13]	0.0001	0.969413818332464	45.55261338730876	0.0012520716991275	1.6182823450554533e-11
316	0	no	random	187	[4, 4]	5	[13, 13]	0.01	0.0854781015530309	-4.224442169854675	28.56529235839844	9.52714926410172e-07
317	0	no	random	187	[4, 4]	5	[11, 11]	0.001	0.9904095555380208	47.278870177313685	0.0005850378074683	9.121568909724968e-12
318	0	square	random	187	[4, 4]	5	[11, 11]	0.001	0.995623862150174	50.78999514379397	0.000197458663024	3.2705506348053178e-12
319	0	square	random	4368	[4, 4]	10	[13, 13]	0.0001	0.9833096938450818	47.73453171417942	0.0006761860568076	9.075418718021656e-12
320	0	no	random	187	[4, 4]	1	[13, 13]	0.001	0.8022192660882776	31.77503125814084	0.0133685329928994	2.8025579552037633e-10
321	0	square	random	187	[4, 4]	1	[13, 13]	0.001	0.834763832450725	33.92285471861315	0.0094311023131012	2.0854707632141143e-10
322	0	no	random	187	[4, 4]	1	[11, 11]	0.0001	0.6771640698484591	26.220513663627514	0.0449272356927394	1.062129195758928e-09
323	0	square	random	187	[4, 4]	1	[11, 11]	0.0001	0.7821726369391899	30.66756768144186	0.0160743799060583	4.0241137557536086e-10
324	0	no	random	187	[4, 4]	10	[11, 11]	0.001	0.9921417966231202	49.52845649946909	0.0004557840875349	6.1980056682215635e-12
325	0	no	random	187	[4, 4]	10	[13, 13]	0.01	1.7307768215220894e-06	-76.72180320143093	3948408800804864.0	154678332.57992223
326	0	square	random	187	[4, 4]	10	[13, 13]	0.01	8.463491307172003e-08	-28.418885488676796	1.5953869695614976e+16	639576563.4435259
327	0	no	random	187	[4, 4]	5	[13, 13]	0.001	0.9913621432926796	47.01363492996989	0.0005888671730645	9.606001445648586e-12
328	0	square	random	187	[4, 4]	5	[13, 13]	0.001	0.9944408066242628	49.67074558844278	0.0003329736355226	5.10551431587409e-12
329	0	no	random	187	[4, 4]	1	[13, 13]	0.0001	0.6919572494747577	26.92237856048981	0.0399089269340038	9.487206134998192e-10
330	0	square	random	187	[4, 4]	5	[11, 11]	0.0001	0.9899633839221024	48.89748417904612	0.0004209681646898	5.988723098571401e-12
331	0	square	random	187	[4, 4]	1	[13, 13]	0.0001	0.7918122881831667	31.262499867789955	0.0151339406147599	3.7701450839377035e-10
332	0	square	random	187	[4, 4]	10	[11, 11]	0.001	0.996188857483748	53.25058758901672	0.0001280141877941	2.0560426745610297e-12
333	0	no	random	187	[4, 4]	5	[11, 11]	0.0001	0.9613314572052388	43.579924448925226	0.0014988697366788	2.23377869122816e-11
334	0	square	random	187	[4, 4]	10	[13, 13]	0.001	0.9941579765133888	48.83559556786567	0.0003414943348616	5.491938113117825e-12
335	0	no	random	91329	[4, 4]	1	[11, 11]	0.01	0.8530197714450134	34.72013597905369	0.0081911999732255	1.614686443927358e-10
336	0	square	random	91329	[4, 4]	1	[11, 11]	0.01	0.836232516731958	33.84667981155089	0.0089508248493075	1.8904069028041823e-10
337	0	square	random	187	[4, 4]	5	[13, 13]	0.0001	0.9803747442856032	46.56742279293095	0.0007933937595225	1.1094142297248562e-11
338	0	square	random	91329	[4, 4]	5	[11, 11]	0.01	0.2195634119947006	9.117362641326226	1.271198034286499	2.9385857965334638e-08
339	0	no	random	187	[4, 4]	5	[13, 13]	0.0001	0.9607733620030218	43.62361101660101	0.0015663447557017	2.2861123182447784e-11
340	0	no	random	187	[4, 4]	10	[13, 13]	0.001	0.9853712232392648	41.97192269613933	0.001400473061949	2.4735819630618343e-11
341	0	no	random	91329	[4, 4]	1	[13, 13]	0.01	0.8659408358540258	35.31810651818582	0.0067587723024189	1.3499400113142214e-10
342	0	no	random	91329	[4, 4]	5	[11, 11]	0.01	0.203547072926681	5.468557638664954	3.9533963203430176	1.0645767409075085e-07
343	0	no	random	187	[4, 4]	10	[11, 11]	0.0001	0.9707381848268758	45.608677551317314	0.0011315178126096	1.478614448145305e-11
344	0	square	random	91329	[4, 4]	1	[13, 13]	0.01	0.8558941555112751	35.00427123852872	0.009043370373547	1.6937810583939468e-10
345	0	square	random	187	[4, 4]	10	[11, 11]	0.0001	0.992572046129641	50.73352404513923	0.0002942604769486	3.901177482006868e-12
346	0	no	random	91329	[4, 4]	1	[11, 11]	0.001	0.8366337553583529	33.102677852280365	0.0097269946709275	2.012542365044285e-10
347	0	square	random	91329	[4, 4]	1	[11, 11]	0.001	0.8443072220456019	34.0784848575563	0.0080381203442811	1.7938933601601946e-10
348	0	square	random	91329	[4, 4]	10	[11, 11]	0.01	5.5807270378735024e-08	-30.26057346127141	5068059261796352.0	198359712.13008472
349	0	no	random	91329	[4, 4]	10	[11, 11]	0.01	3.9544720347432964e-07	-74.63698566345643	4980307711229952.0	193909831.3274987
350	0	square	random	91329	[4, 4]	5	[11, 11]	0.001	0.9969299144981126	53.60801479670147	0.0001347048673778	2.028790589991834e-12
351	0	no	random	187	[4, 4]	10	[13, 13]	0.0001	0.9673616160374322	45.39364565132237	0.0012156831799075	1.5301102792754568e-11
352	0	no	random	91329	[4, 4]	5	[13, 13]	0.01	0.1617051093207127	6.662594728052678	3.4546244144439697	8.524639847927334e-08
353	0	square	random	187	[4, 4]	10	[13, 13]	0.0001	0.9843598959258024	47.88869817065275	0.0006247101700864	8.333391985260852e-12
354	0	square	random	91329	[4, 4]	5	[13, 13]	0.01	1.4336113463185915e-06	-25.393492389504864	2549380096.0	101.17048690198276
355	0	no	random	91329	[4, 4]	1	[13, 13]	0.001	0.8536010055401932	34.348422421513504	0.0081542171537876	1.7049131657135374e-10
356	0	no	random	91329	[4, 4]	5	[11, 11]	0.001	0.9930731196418612	49.20409393458588	0.0003901788732036	5.634605688320374e-12
357	0	square	random	91329	[4, 4]	1	[13, 13]	0.001	0.8654859629493974	35.2158909919832	0.0070082326419651	1.5524488342123848e-10
358	0	no	random	91329	[4, 4]	1	[11, 11]	0.0001	0.7081712914930677	27.59707565762188	0.0312872715294361	7.526251134483205e-10
359	0	square	random	91329	[4, 4]	1	[11, 11]	0.0001	0.803246018053491	31.322206031362523	0.0135065261274576	3.293154489441098e-10
360	0	square	random	91329	[4, 4]	10	[11, 11]	0.001	0.9974164825718056	55.28058166930832	8.927431190386415e-05	1.2818769681080608e-12
361	0	no	random	91329	[4, 4]	10	[11, 11]	0.001	0.9932299259323648	50.66071061355264	0.0003407525364309	4.4903896061800166e-12
362	0	square	random	91329	[4, 4]	5	[11, 11]	0.0001	0.9923297965670624	50.31206675061495	0.0003274172195233	4.331822400006083e-12
363	0	no	random	91329	[4, 4]	5	[13, 13]	0.001	0.9928314415186968	48.92276306180563	0.0004833727434743	6.88203917376308e-12
364	0	no	random	91329	[4, 4]	10	[13, 13]	0.01	1.1965948526895e-06	-97.31592460578564	2559175322238976.0	100081256.03522862
365	0	square	random	91329	[4, 4]	5	[13, 13]	0.001	0.9958549826839688	51.55624242789801	0.0002169799554394	3.287580369382517e-12
366	0	square	random	91329	[4, 4]	10	[13, 13]	0.01	6.152117545859543e-08	-24.44715058878604	1573363155730432.0	64927456.721694365
367	0	no	random	91329	[4, 4]	5	[11, 11]	0.0001	0.970793175581464	45.78218646011469	0.0011315784649923	1.4903989064306246e-11
368	0	no	random	91329	[4, 4]	1	[13, 13]	0.0001	0.7282618987476968	28.526211789147528	0.0280076526105403	6.753166666353707e-10
369	0	square	random	91329	[4, 4]	1	[13, 13]	0.0001	0.8087788553881194	31.7861698649478	0.0128394877538084	3.1125999757170525e-10
370	0	no	random	60119	[4, 4]	1	[11, 11]	0.01	0.7776635801099631	30.532785455205754	0.0202085748314857	4.1216921027730856e-10
371	0	square	random	91329	[4, 4]	10	[11, 11]	0.0001	0.9934673020896309	51.70462222398187	0.0002512460923753	3.1404478125707e-12
372	0	square	random	60119	[4, 4]	1	[11, 11]	0.01	0.8059143040236786	32.475319337302835	0.0115643860772252	2.670721249360025e-10
373	0	no	random	91329	[4, 4]	10	[11, 11]	0.0001	0.9760305156822352	47.04324047968568	0.0009296146454289	1.0621596813542597e-11
374	0	no	random	60119	[4, 4]	5	[11, 11]	0.01	0.4304235622126676	19.178573946323347	0.2449782192707061	4.7566690616139115e-09
375	0	square	random	91329	[4, 4]	10	[13, 13]	0.001	0.9957690818020528	51.1876671350738	0.000250730314292	3.533027695052442e-12
376	0	no	random	91329	[4, 4]	10	[13, 13]	0.001	0.98913588519438	43.892816888456345	0.0010264908196404	1.7777288360305416e-11
377	0	no	random	91329	[4, 4]	5	[13, 13]	0.0001	0.9690562861933192	45.52422675217411	0.0012389799812808	1.5948455343729566e-11
378	0	square	random	91329	[4, 4]	5	[13, 13]	0.0001	0.9830322473194238	48.00582828209431	0.0006328959716483	8.151218827832668e-12
379	0	square	random	60119	[4, 4]	5	[11, 11]	0.01	0.6125186750765201	24.26710987153183	0.079340361058712	1.6152656945083655e-09
380	0	no	random	60119	[4, 4]	1	[13, 13]	0.01	0.7985722848960718	30.963652061804574	0.0159430913627147	3.526979373093205e-10
381	0	square	random	60119	[4, 4]	1	[13, 13]	0.01	0.8145072637422628	32.82039966254664	0.0116492407396435	2.588842530404358e-10
382	0	no	random	60119	[4, 4]	1	[11, 11]	0.001	0.7592242441188581	29.09034951664619	0.0220955479890108	4.953265730599545e-10
383	0	square	random	60119	[4, 4]	1	[11, 11]	0.001	0.8134879438918656	32.73775546945992	0.0104093914851546	2.584456562870129e-10
384	0	no	random	60119	[4, 4]	5	[13, 13]	0.01	0.1307772504448479	-1.8512886482927693	22.548009872436523	7.448513605643824e-07
385	0	square	random	60119	[4, 4]	10	[11, 11]	0.01	2.6634111827661986e-07	-30.121547847515178	423393394688.0	16453.260882873812
386	0	no	random	60119	[4, 4]	10	[11, 11]	0.01	1.5109653775457292e-06	-83.85127310133174	1161506527903744.0	45650601.31611579
387	0	no	random	60119	[4, 4]	10	[13, 13]	0.01	3.390836339676107e-07	-88.63348190689001	6.11728927794135e+16	2374363945.866295
388	0	no	random	91329	[4, 4]	10	[13, 13]	0.0001	0.972035496999332	46.62280468843092	0.0010345366317778	1.2001763458851854e-11
389	0	square	random	91329	[4, 4]	10	[13, 13]	0.0001	0.9849382206086448	48.77656301164741	0.0005618396098725	6.959704828057169e-12
390	0	square	random	60119	[4, 4]	5	[13, 13]	0.01	2.671315600454714e-07	-24.79004654557153	3153902080.0	126.0176675495672
391	0	square	random	60119	[4, 4]	5	[11, 11]	0.001	0.9929582448263672	48.88700110997239	0.0003329971514176	5.727839545329394e-12
392	0	no	random	60119	[4, 4]	1	[13, 13]	0.001	0.7841422408007919	30.231249178369914	0.0183774065226316	4.188685846905979e-10
393	0	square	random	60119	[4, 4]	1	[13, 13]	0.001	0.8356676883889796	33.89897342256091	0.009023412130773	2.2324160767761622e-10
394	0	no	random	60119	[4, 4]	5	[11, 11]	0.001	0.985412467008909	43.91914409106707	0.0009319190285168	1.7157239873201725e-11
395	0	no	random	60119	[4, 4]	10	[11, 11]	0.001	0.9902612530755104	47.627761949845954	0.0005877368384972	9.408620315304932e-12
396	0	no	random	60119	[4, 4]	1	[11, 11]	0.0001	0.6089333490770941	24.392343941235733	0.0597838535904884	1.52464568412046e-09
397	0	square	random	60119	[4, 4]	1	[11, 11]	0.0001	0.7608737041024554	30.149590671105585	0.0168393235653638	4.697144812466742e-10
398	0	no	random	60119	[4, 4]	5	[11, 11]	0.0001	0.9611840086448163	42.95268903431356	0.0017075425712391	3.017998826257972e-11
399	0	square	random	60119	[4, 4]	5	[11, 11]	0.0001	0.9866254087438292	47.34682342260977	0.000534230377525	9.033604759270052e-12
400	0	square	random	60119	[4, 4]	10	[13, 13]	0.001	0.9926573466052327	48.009225052771775	0.0003285285201855	6.152261511220781e-12
401	0	no	random	60119	[4, 4]	5	[13, 13]	0.001	0.9879765399987198	45.043157213850485	0.0009229975985363	1.9137120768954907e-11
402	0	square	random	60119	[4, 4]	10	[11, 11]	0.001	0.994862884340136	51.82410865158191	0.0001671698264544	2.9546657016197448e-12
403	0	no	random	60119	[4, 4]	1	[13, 13]	0.0001	0.6294028566470193	25.295193907473536	0.0527075193822383	1.352499646680333e-09
404	0	square	random	60119	[4, 4]	5	[13, 13]	0.001	0.9923384987788376	48.00652451772737	0.000386050553061	6.975383462121466e-12
405	0	square	random	60119	[4, 4]	10	[13, 13]	0.01	2.2140470945101065e-08	-28.41941224164601	1.2627228546301952e+16	509769940.690166
406	0	square	random	60119	[4, 4]	1	[13, 13]	0.0001	0.7710051622600651	30.72747383416857	0.0157099310308694	4.3649863902359537e-10
407	0	no	random	25926	[4, 4]	1	[11, 11]	0.01	0.7603125897701143	29.91213854395641	0.0181296076625585	4.2066243337616367e-10
408	0	square	random	60119	[4, 4]	10	[11, 11]	0.0001	0.9900306551097422	48.69631426538133	0.0003673569881357	5.871447393990665e-12
409	0	square	random	25926	[4, 4]	1	[11, 11]	0.01	0.7933034050238356	31.72126068960636	0.012354414910078	2.8737398647548686e-10
410	0	square	random	25926	[4, 4]	5	[11, 11]	0.01	0.6305475302758592	25.303953502676684	0.070267379283905	1.3497957802933526e-09
411	0	no	random	60119	[4, 4]	5	[13, 13]	0.0001	0.9600265039672844	43.14692606202006	0.0017135860398411	2.918971634682898e-11
412	0	no	random	60119	[4, 4]	10	[11, 11]	0.0001	0.9699335853731208	44.64632775249953	0.0012695714831352	2.000596740774796e-11
413	0	no	random	25926	[4, 4]	1	[13, 13]	0.01	0.7759692508128878	30.165774466491705	0.0153386900201439	3.5971547801680744e-10
414	0	square	random	25926	[4, 4]	1	[13, 13]	0.01	0.805569484876062	32.57694777348127	0.0125586166977882	2.7240603866810726e-10
415	0	no	random	25926	[4, 4]	10	[11, 11]	0.01	1.060547715558271e-05	-84.14172851226101	102149396627456.0	4114043.30209434
416	0	square	random	60119	[4, 4]	5	[13, 13]	0.0001	0.97416051297188	44.90891025970882	0.0009709279402159	1.6872940441967487e-11
417	0	no	random	25926	[4, 4]	5	[11, 11]	0.01	0.4839942998322733	20.732627557615157	0.1962443143129348	3.6226265413453797e-09
418	0	no	random	60119	[4, 4]	10	[13, 13]	0.001	0.986383452325198	43.73703677173667	0.0009942256147041	1.782397945383571e-11
419	0	no	random	25926	[4, 4]	1	[11, 11]	0.001	0.7436176236177165	29.06789994849733	0.0189471393823623	4.673669452652718e-10
420	0	square	random	25926	[4, 4]	1	[11, 11]	0.001	0.8008573992415121	31.93245685872173	0.0112109100446105	2.782579421427937e-10
421	0	square	random	25926	[4, 4]	10	[11, 11]	0.01	1.701117208078547e-07	-24.543378467838	3308200975663104.0	133277932.69421674
422	0	no	random	60119	[4, 4]	10	[13, 13]	0.0001	0.9676568869376247	44.78273392589325	0.0012892042286694	1.9231797674451223e-11
423	0	no	random	25926	[4, 4]	5	[13, 13]	0.01	0.2735833333514811	11.321582508055902	1.2770369052886963	2.6537518584183342e-08
424	0	square	random	25926	[4, 4]	5	[13, 13]	0.01	3.2059274867175013e-06	-28.41683202052505	288703936.0	12.37849302175464
425	0	no	random	25926	[4, 4]	1	[13, 13]	0.001	0.7624463820648245	29.88579983443109	0.0162418521940708	4.09618709048361e-10
426	0	square	random	25926	[4, 4]	1	[13, 13]	0.001	0.8205919804308865	32.97617725739778	0.0098356893286108	2.439257404984697e-10
427	0	no	random	25926	[4, 4]	10	[13, 13]	0.01	1.6952829462152013e-08	-75.22288012893146	1.46735410184192e+16	550662031.8380164
428	0	no	random	25926	[4, 4]	5	[11, 11]	0.001	0.9904314871160974	46.5274747616412	0.000629695423413	9.66195182099894e-12
429	0	square	random	25926	[4, 4]	5	[11, 11]	0.001	0.9946563499027868	49.909676099389145	0.00025402996107	4.11248160777346e-12
430	0	no	random	25926	[4, 4]	10	[11, 11]	0.001	0.9918994334202618	48.708658266587	0.0004846149822697	7.0494062132700456e-12
431	0	no	random	25926	[4, 4]	1	[11, 11]	0.0001	0.649466457352921	25.84323071206626	0.0492212511599063	1.197162413005405e-09
432	0	square	random	25926	[4, 4]	1	[11, 11]	0.0001	0.768675265482005	30.060564384821937	0.0165649112313985	4.4517283391126176e-10
433	0	square	random	60119	[4, 4]	10	[13, 13]	0.0001	0.9806758491729252	46.59165229896879	0.0007357089780271	1.1776403242617974e-11
434	0	square	random	25926	[4, 4]	10	[13, 13]	0.01	1.2560236259490634e-07	-33.61872714854512	3.155455564054528e+16	1281713232.4761548
435	0	square	random	25926	[4, 4]	5	[11, 11]	0.0001	0.9892376820994412	48.14401600049591	0.000481955736177	7.279359374848606e-12
436	0	no	random	25926	[4, 4]	5	[13, 13]	0.001	0.9911106479055868	47.99593795837524	0.0005791161675006	8.589660966392675e-12
437	0	square	random	25926	[4, 4]	5	[13, 13]	0.001	0.994327937083002	50.190765758680925	0.0003385968448128	5.25615271776544e-12
438	0	no	random	25926	[4, 4]	1	[13, 13]	0.0001	0.6722153066019468	26.64728715214224	0.0443188697099685	1.078347161703565e-09
439	0	square	random	25926	[4, 4]	10	[11, 11]	0.001	0.9956584826432544	52.80145131007088	0.0001379617169732	2.213835913352551e-12
440	0	square	random	25926	[4, 4]	1	[13, 13]	0.0001	0.7769542396843833	30.56713154965369	0.0154092442244291	4.1370318066726647e-10
441	0	no	random	25926	[4, 4]	10	[13, 13]	0.001	0.987489268192198	42.38548264633617	0.0010539296781644	1.9535699411614795e-11
442	0	no	random	25926	[4, 4]	5	[11, 11]	0.0001	0.962674110468426	43.381151048809485	0.0015285306144505	2.4285137693831988e-11
443	0	no	random	41327	[4, 4]	1	[11, 11]	0.01	0.8352867133374023	32.95637036133604	0.0120518840849399	2.3101481947528966e-10
444	0	square	random	41327	[4, 4]	1	[11, 11]	0.01	0.8216422665166906	33.13794249511045	0.0114215388894081	2.2925917341032248e-10
445	0	square	random	25926	[4, 4]	5	[13, 13]	0.0001	0.9782332803504062	45.84177513420417	0.0008912527118809	1.4068863964420908e-11
446	0	no	random	41327	[4, 4]	5	[11, 11]	0.01	0.3647065489239661	16.40436644190138	0.5124394297599792	9.339774975968925e-09
447	0	no	random	25926	[4, 4]	5	[13, 13]	0.0001	0.962303696922975	43.7311435156993	0.0015628687106072	2.411080150749493e-11
448	0	no	random	41327	[4, 4]	1	[13, 13]	0.01	0.853202535175208	33.39153984783094	0.0106089003384113	2.0878594528420818e-10
449	0	square	random	25926	[4, 4]	10	[11, 11]	0.0001	0.9924973218757294	50.26934318625062	0.0003167737449984	4.355780673183481e-12
450	0	square	random	41327	[4, 4]	1	[13, 13]	0.01	0.835700123417575	33.7244436529985	0.011906954459846	2.156265658459201e-10
451	0	square	random	41327	[4, 4]	5	[11, 11]	0.01	0.4165981175237013	16.31632853846992	0.4430016279220581	8.81617635875115e-09
452	0	no	random	25926	[4, 4]	10	[11, 11]	0.0001	0.9725613446679876	45.11699839168236	0.0011417749337852	1.5443291099034335e-11
453	0	no	random	41327	[4, 4]	10	[11, 11]	0.01	5.402696804413224e-07	-87.11327468171498	6903493671518208.0	275915762.377903
454	0	square	random	25926	[4, 4]	10	[13, 13]	0.001	0.994361247951144	49.696002265096055	0.0003060052695218	4.715455166229909e-12
455	0	no	random	41327	[4, 4]	1	[11, 11]	0.001	0.8334842515533866	32.08735010987273	0.0130063882097601	2.5461482758830707e-10
456	0	square	random	41327	[4, 4]	10	[11, 11]	0.01	1.6515132051008434e-07	-26.86712362413403	235906866872320.0	9526332.751348916
457	0	square	random	41327	[4, 4]	1	[11, 11]	0.001	0.8322190002008133	33.27944400373188	0.0106497826054692	2.265629400802186e-10
458	0	square	random	25926	[4, 4]	10	[13, 13]	0.0001	0.9835160148433736	47.3705388263065	0.0006746398285031	9.864415608540515e-12
459	0	no	random	25926	[4, 4]	10	[13, 13]	0.0001	0.9717727827262972	45.59164011700653	0.0011558895930647	1.5248735347560765e-11
460	0	no	random	41327	[4, 4]	1	[13, 13]	0.001	0.8550512275959206	33.3629098803265	0.0109986457973718	2.1848423814723394e-10
461	0	no	random	41327	[4, 4]	5	[13, 13]	0.01	0.1256759403221274	3.713642777692885	8.01520824432373	2.291506733709829e-07
462	0	square	random	41327	[4, 4]	5	[13, 13]	0.01	0.1394545964543882	3.5319498452892195	4.596330165863037	1.1871954141943769e-07
463	0	square	random	41327	[4, 4]	1	[13, 13]	0.001	0.8493807778885568	34.239271319272405	0.0092825470492243	1.9729249652552407e-10
464	0	no	random	41327	[4, 4]	5	[11, 11]	0.001	0.9896983743255362	47.192174956357846	0.0006371576455421	1.0346164719102162e-11
465	0	square	random	41327	[4, 4]	5	[11, 11]	0.001	0.994929429205337	50.66931407019952	0.0002221390750491	3.487431632143993e-12
466	0	no	random	41327	[4, 4]	10	[11, 11]	0.001	0.9909839518029092	48.27923443780192	0.0005552034708671	8.056624394937571e-12
467	0	square	random	41327	[4, 4]	1	[11, 11]	0.0001	0.7983180867461552	30.96527874125151	0.0164149962365627	3.823715976401018e-10
468	0	no	random	41327	[4, 4]	1	[11, 11]	0.0001	0.7370964382035742	27.915942113877108	0.0354437530040741	7.505506942097724e-10
469	0	square	random	41327	[4, 4]	10	[11, 11]	0.001	0.9959045698914738	52.877101369412365	0.0001439287443645	2.2499058851500773e-12
470	0	square	random	41327	[4, 4]	5	[13, 13]	0.001	0.9936748194592242	48.96119977352505	0.000398669304559	6.04210351432158e-12
471	0	no	random	41327	[4, 4]	5	[11, 11]	0.0001	0.948247522926452	41.17713109925451	0.002239019377157	3.570311104570842e-11
472	0	no	random	41327	[4, 4]	1	[13, 13]	0.0001	0.7473095245955604	28.73639775949012	0.031991958618164	6.750136955657277e-10
473	0	no	random	41327	[4, 4]	5	[13, 13]	0.001	0.9900768168598612	47.389120948563146	0.0006436599069274	1.0083060959164678e-11
474	0	square	random	41327	[4, 4]	1	[13, 13]	0.0001	0.8049367535377643	31.49081751173398	0.0154563626274466	3.5913843084331585e-10
475	0	square	random	41327	[4, 4]	5	[11, 11]	0.0001	0.9874683309292376	47.76760624055229	0.0005510472110472	8.102449377539363e-12
476	0	no	random	41327	[4, 4]	10	[13, 13]	0.01	2.8788012793198718e-06	-82.54579996883496	1.144338201444352e+16	447685881.4998316
477	0	square	random	41327	[4, 4]	10	[13, 13]	0.01	1.0202688222026717e-07	-23.989138054303897	7752735407472640.0	330744342.6493404
478	0	square	random	41327	[4, 4]	5	[13, 13]	0.0001	0.9749845007104004	45.39822259345936	0.0010420500766485	1.4840493589650472e-11
479	0	no	random	86618	[4, 4]	1	[11, 11]	0.01	0.9710072228556472	45.7528301448733	0.000982521334663	1.4213634347495526e-11
480	0	no	random	41327	[4, 4]	10	[11, 11]	0.0001	0.965829056643312	44.55306634626439	0.0013761373702436	1.909262696478057e-11
481	0	square	random	86618	[4, 4]	1	[11, 11]	0.01	0.8792345049009066	36.298034433901655	0.0071850623935461	1.328441441654553e-10
482	0	square	random	41327	[4, 4]	10	[13, 13]	0.001	0.9925004733726196	47.2299471530434	0.0004504859389271	7.030788406137413e-12
483	0	square	random	41327	[4, 4]	10	[11, 11]	0.0001	0.9921566178699188	50.08897786492757	0.0003365156590007	4.5271363833797556e-12
484	0	no	random	86618	[4, 4]	1	[13, 13]	0.01	0.9777578322787271	46.495383570121774	0.0009487210772931	1.3287719970330696e-11
485	0	no	random	41327	[4, 4]	5	[13, 13]	0.0001	0.9452462596725096	41.04947755629859	0.0025196652859449	4.0516200551441096e-11
486	0	square	random	86618	[4, 4]	1	[13, 13]	0.01	0.8744111455370787	35.82007883176469	0.0086288768798112	1.4165216472185804e-10
487	0	no	random	41327	[4, 4]	10	[13, 13]	0.001	0.9847947850788834	41.9458670433216	0.0014142822474241	2.4762740588730523e-11
488	0	square	random	86618	[4, 4]	5	[11, 11]	0.01	0.4144212765663796	10.71709844802967	1.2223081588745115	3.120561558365676e-08
489	0	no	random	86618	[4, 4]	10	[11, 11]	0.01	1.4190371438056348e-05	-89.85605540278738	6065767317504.0	242307.43361824888
490	0	no	random	86618	[4, 4]	5	[11, 11]	0.01	0.4422181881129741	16.86873737655428	0.5529757738113403	9.462665073031205e-09
491	0	no	random	86618	[4, 4]	1	[11, 11]	0.001	0.9401198539042648	37.4312891771204	0.0044597215019166	7.654287183008598e-11
492	0	square	random	86618	[4, 4]	1	[11, 11]	0.001	0.8789603171526711	35.19674023156122	0.0071478206664323	1.455661117721385e-10
493	0	square	random	86618	[4, 4]	10	[11, 11]	0.01	2.271845368018137e-08	-25.25836684023971	1.1087574897734451e+17	4297121549.942264
494	0	no	random	86618	[4, 4]	5	[11, 11]	0.001	0.9913800447739142	47.3098571181584	0.0006851067882962	1.0602276849269172e-11
495	0	square	random	86618	[4, 4]	5	[13, 13]	0.01	3.802494491216043e-06	-27.260412938332745	206848368.0	8.184742440495523
496	0	no	random	86618	[4, 4]	5	[13, 13]	0.01	0.3356958167415604	9.658540228763004	2.0746350288391118	4.7578960877856886e-08
497	0	no	random	86618	[4, 4]	1	[13, 13]	0.001	0.9550757450113432	38.976696729234654	0.0034886095672845	5.735534336912245e-11
498	0	no	random	41327	[4, 4]	10	[13, 13]	0.0001	0.9593445430616688	44.099351412302966	0.0015682753873988	2.119982899144666e-11
499	0	square	random	86618	[4, 4]	1	[13, 13]	0.001	0.9027068343930144	36.394764924524544	0.0063628698699176	1.293837933987779e-10
500	0	square	random	41327	[4, 4]	10	[13, 13]	0.0001	0.982121629764316	47.49976004029744	0.0007358927396126	9.679378302464648e-12
501	0	square	random	86618	[4, 4]	5	[11, 11]	0.001	0.9950082096138808	51.13267358906455	0.0002198849397245	3.2644024925493144e-12
502	0	square	random	86618	[4, 4]	10	[11, 11]	0.001	0.9958579295132972	52.69020287013327	0.0001551246241433	2.374212128175236e-12
503	0	square	random	86618	[4, 4]	10	[13, 13]	0.01	1.7369582744608593e-07	-35.12426153913162	2.162174798384333e+16	880940040.7224842
504	0	no	random	86618	[4, 4]	1	[11, 11]	0.0001	0.7909150659631299	28.199093300507467	0.0330364555120468	6.62724105118039e-10
505	0	square	random	86618	[4, 4]	1	[11, 11]	0.0001	0.8156760365065394	31.67991323073751	0.0124731278046965	2.9034467308330433e-10
506	0	no	random	86618	[4, 4]	5	[13, 13]	0.001	0.9926247296258722	47.31003987707032	0.0007114676409401	1.1939752167154487e-11
507	0	no	random	86618	[4, 4]	10	[11, 11]	0.001	0.992623485692202	47.832113098585424	0.0006055395351722	9.344740878429059e-12
508	0	no	random	86618	[4, 4]	1	[13, 13]	0.0001	0.8074080216350287	29.312636555180056	0.0293749310076236	5.837739275367636e-10
509	0	square	random	86618	[4, 4]	5	[13, 13]	0.001	0.9946943847703394	49.904561019523406	0.0003079705929849	4.592877916044717e-12
510	0	no	random	86618	[4, 4]	5	[11, 11]	0.0001	0.9810578339359391	46.37960012589922	0.0011200722074136	1.4859898228345402e-11
511	0	square	random	86618	[4, 4]	1	[13, 13]	0.0001	0.82501039417313	32.177964104753784	0.0119365444406867	2.776323902348352e-10
512	0	no	random	86618	[4, 4]	10	[13, 13]	0.01	3.744934941706677e-06	-84.2885222309736	6159131815706624.0	236601620.6058437
513	0	no	random	86618	[4, 4]	10	[11, 11]	0.0001	0.983461910124755	47.38856892231976	0.0009660343639552	1.1830875795279918e-11
514	0	square	random	86618	[4, 4]	5	[11, 11]	0.0001	0.98944856198483	48.81508760770254	0.0004515636537689	6.09911520027246e-12
515	0	no	random	64374	[4, 4]	1	[11, 11]	0.01	0.7970933602845266	32.11443352575357	0.0129762813448905	2.7674755754874227e-10
516	0	square	random	64374	[4, 4]	1	[11, 11]	0.01	0.8163055770326666	32.99512099534195	0.011077725328505	2.39563898853482e-10
517	0	no	random	64374	[4, 4]	5	[11, 11]	0.01	0.4400162074400618	19.208750100065725	0.2603132724761963	4.7296710800673694e-09
518	0	square	random	86618	[4, 4]	10	[11, 11]	0.0001	0.9905856691643344	49.679355177803714	0.0003858098061755	4.941002851583208e-12
519	0	square	random	86618	[4, 4]	5	[13, 13]	0.0001	0.9784720081577662	46.33702704334197	0.0009158698958344	1.2061168816534304e-11
520	0	no	random	64374	[4, 4]	1	[13, 13]	0.01	0.8224980615810277	33.07976205126895	0.0108632976189255	2.3689793286538565e-10
521	0	no	random	86618	[4, 4]	5	[13, 13]	0.0001	0.9786974261244594	46.16799913182139	0.0011609782231971	1.3998984894481228e-11
522	0	square	random	64374	[4, 4]	1	[13, 13]	0.01	0.8331280888979091	33.993553232585555	0.0112773943692445	2.2922088881679707e-10
523	0	square	random	86618	[4, 4]	10	[13, 13]	0.001	0.9933692934765368	48.33033554099265	0.0003726606082636	6.060181940189637e-12
524	0	no	random	86618	[4, 4]	10	[13, 13]	0.001	0.9901601979822738	45.8733313805514	0.0008630058728158	1.4365036937943714e-11
525	0	square	random	64374	[4, 4]	5	[11, 11]	0.01	0.1662815358768577	2.149278721112497	6.488033771514893	1.928198197627471e-07
526	0	no	random	64374	[4, 4]	10	[11, 11]	0.01	7.6387061447296e-06	-93.94234378045294	3007655270416384.0	118693157.59544536
527	0	square	random	64374	[4, 4]	1	[11, 11]	0.001	0.8258286566036144	33.30979998122619	0.0098059149459004	2.2810409698234838e-10
528	0	no	random	64374	[4, 4]	1	[11, 11]	0.001	0.7926319162882749	31.739103501493943	0.0135753322392702	2.907966924474677e-10
529	0	no	random	86618	[4, 4]	10	[13, 13]	0.0001	0.9807993723303148	47.5683200620016	0.0010103171225637	1.1655402568822183e-11
530	0	square	random	64374	[4, 4]	10	[11, 11]	0.01	2.8149005734010576e-07	-26.908811148232505	88456404992.0	3703.593317218621
531	0	square	random	64374	[4, 4]	5	[13, 13]	0.01	2.0541387782984608e-06	-25.58904464206322	197401920.0	8.034147228779227
532	0	no	random	64374	[4, 4]	5	[11, 11]	0.001	0.9924114442451198	48.95160671555461	0.0004704264865722	6.852804746595589e-12
533	0	no	random	64374	[4, 4]	5	[13, 13]	0.01	0.2004432712144775	5.670637162135117	3.864459753036499	1.0169317752006007e-07
534	0	no	random	64374	[4, 4]	1	[13, 13]	0.001	0.8146120742303716	32.76900693583905	0.0114313848316669	2.4992438336332947e-10
535	0	square	random	64374	[4, 4]	1	[13, 13]	0.001	0.846171294566767	34.31767520042355	0.0086245965212583	2.00784899508072e-10
536	0	square	random	86618	[4, 4]	10	[13, 13]	0.0001	0.9811508102550254	47.37878478918516	0.0008051039185374	1.035174980310113e-11
537	0	square	random	64374	[4, 4]	5	[11, 11]	0.001	0.9958380951916272	51.60371145601782	0.0002055782242678	2.9775766143764895e-12
538	0	no	random	64374	[4, 4]	1	[11, 11]	0.0001	0.6728502228752079	26.724676432298367	0.03869354352355	9.199611261518823e-10
539	0	square	random	64374	[4, 4]	5	[13, 13]	0.001	0.9951845796506444	51.0827737577302	0.0002345590328332	3.483823595585719e-12
540	0	no	random	64374	[4, 4]	10	[11, 11]	0.001	0.9924521263840624	50.30419424723335	0.0003651378501672	4.896723992908825e-12
541	0	square	random	64374	[4, 4]	1	[11, 11]	0.0001	0.7865393669075762	30.868721746381983	0.0148510159924626	3.8193192350382837e-10
542	0	square	random	64374	[4, 4]	10	[11, 11]	0.001	0.996774208825166	54.743085000251305	0.0001005311423796	1.5692015338848929e-12
543	0	no	random	64374	[4, 4]	10	[13, 13]	0.001	0.9885774812474104	43.1080132658343	0.0010333971586078	1.8218774440540664e-11
544	0	no	random	64374	[4, 4]	5	[13, 13]	0.001	0.9925598483204656	49.15492015317138	0.0004463311925064	6.592433804897732e-12
545	0	no	random	64374	[4, 4]	1	[13, 13]	0.0001	0.6959543261637596	27.571526477277324	0.0348352380096912	8.380012934773368e-10
546	0	no	random	64374	[4, 4]	5	[11, 11]	0.0001	0.9691440849515566	45.2125395830175	0.0012048715725541	1.70832902485834e-11
547	0	square	random	64374	[4, 4]	1	[13, 13]	0.0001	0.7947760129781454	31.31747921741871	0.0140618020668625	3.6108061438184535e-10
548	0	no	random	64374	[4, 4]	10	[13, 13]	0.01	7.052771841625761e-07	-84.6886121682	8071395674161152.0	326043894.0994066
549	0	square	random	64374	[4, 4]	10	[13, 13]	0.01	1.870878677768488e-07	-22.626397597708497	2.7705034435198976e+16	1107372372.6838646
550	0	square	random	64374	[4, 4]	5	[11, 11]	0.0001	0.9908123957673928	49.5099497035265	0.0003713692713063	5.233651654151318e-12
551	0	no	random	16604	[4, 4]	1	[11, 11]	0.01	0.8097702736790705	32.07951125667175	0.0150547409430146	2.722148448355032e-10
552	0	square	random	16604	[4, 4]	1	[11, 11]	0.01	0.8193506994421392	32.9890098423832	0.0113232024013996	2.356114393011325e-10
553	0	no	random	64374	[4, 4]	5	[13, 13]	0.0001	0.968052703410852	45.08361948411625	0.0012380999978631	1.7129813008357618e-11
554	0	square	random	64374	[4, 4]	5	[13, 13]	0.0001	0.9812422410781514	47.24610995519009	0.0007140527013689	9.809320122968329e-12
555	0	square	random	64374	[4, 4]	10	[11, 11]	0.0001	0.9927031465402532	50.92147284252	0.0002781488874461	3.718645134388422e-12
556	0	no	random	16604	[4, 4]	1	[13, 13]	0.01	0.8144845220233099	31.862925741732703	0.0132151311263442	2.527346236743741e-10
557	0	square	random	16604	[4, 4]	5	[11, 11]	0.01	0.5905215361504711	23.29112830522324	0.1063675433397293	2.0535778858327126e-09
558	0	square	random	16604	[4, 4]	1	[13, 13]	0.01	0.8247332069338713	32.9403221574706	0.0128265088424086	2.5129482211166703e-10
559	0	square	random	64374	[4, 4]	10	[13, 13]	0.001	0.9951537891056064	50.48668966987512	0.0002779295609798	3.938589877008762e-12
560	0	no	random	16604	[4, 4]	5	[11, 11]	0.01	0.260291600143882	11.972187563282882	1.2109514474868774	2.446150411384554e-08
561	0	no	random	16604	[4, 4]	10	[11, 11]	0.01	1.773503297361775e-09	-86.63119168525185	4092348724150272.0	161192326.22595006
562	0	square	random	16604	[4, 4]	10	[11, 11]	0.01	5.173213858417797e-08	-29.13863587627109	25495068475392.0	960501.3169778712
563	0	no	random	64374	[4, 4]	10	[11, 11]	0.0001	0.9758952383280152	46.80065992009368	0.0009411895880475	1.1533541723734399e-11
564	0	no	random	16604	[4, 4]	1	[11, 11]	0.001	0.8043715304545173	30.935251641516853	0.0160160083323717	3.1077112311587995e-10
565	0	square	random	16604	[4, 4]	1	[11, 11]	0.001	0.82506175301438	33.2742487127267	0.0103544844314455	2.3256981049153027e-10
566	0	square	random	16604	[4, 4]	5	[11, 11]	0.001	0.9948979038626158	50.69281169972898	0.0002527843753341	3.905236661151188e-12
567	0	square	random	16604	[4, 4]	5	[13, 13]	0.01	9.227139789295334e-07	-27.92747215896444	2167035136.0	84.07060544838274
568	0	no	random	16604	[4, 4]	5	[13, 13]	0.01	0.2113146797844977	7.204365410296076	4.270829677581787	1.1064775616362724e-07
569	0	no	random	16604	[4, 4]	1	[13, 13]	0.001	0.823334074158334	31.75320545100633	0.0143205160275101	2.8071502869581227e-10
570	0	no	random	16604	[4, 4]	10	[11, 11]	0.001	0.992051143022516	48.82148033406245	0.000511064834427	6.674974734975421e-12
571	0	no	random	16604	[4, 4]	5	[11, 11]	0.001	0.9903051938057168	46.54459200769154	0.0006382528808899	1.031970284853794e-11
572	0	no	random	64374	[4, 4]	10	[13, 13]	0.0001	0.9759257952173904	46.822550136386354	0.0009823369327932	1.1815196638838932e-11
573	0	square	random	64374	[4, 4]	10	[13, 13]	0.0001	0.9836383113382274	48.22978595221021	0.00061037420528	8.054939536589424e-12
574	0	square	random	16604	[4, 4]	1	[13, 13]	0.001	0.8469548996962925	34.51890861081826	0.0090799611061811	2.008160049525712e-10
575	0	no	random	16604	[4, 4]	1	[11, 11]	0.0001	0.6715269693187377	26.055110707849	0.043004360049963	9.789499335025843e-10
576	0	square	random	16604	[4, 4]	1	[11, 11]	0.0001	0.7771548141339425	30.417808284676507	0.0168173722922801	4.2739750187203357e-10
577	0	square	random	16604	[4, 4]	10	[11, 11]	0.001	0.9958154248291048	53.21903921098815	0.0001379377354169	2.1259068532839183e-12
578	0	square	random	16604	[4, 4]	5	[13, 13]	0.001	0.9947982032675292	50.92768424738688	0.0002631175739225	3.932593822059742e-12
579	0	no	random	16604	[4, 4]	10	[13, 13]	0.01	1.3743999318249603e-06	-80.79953914770076	494855729971200.0	20234531.43215344
580	0	no	random	16604	[4, 4]	1	[13, 13]	0.0001	0.6851510184445293	26.76929354178645	0.0391866713762283	8.934862985848174e-10
581	0	no	random	16604	[4, 4]	5	[13, 13]	0.001	0.9916935752527608	48.19528679929623	0.0005441420944407	7.982087282293513e-12
582	0	square	random	16604	[4, 4]	1	[13, 13]	0.0001	0.7849754870853312	30.91225177197222	0.0158924367278814	4.0331882658577053e-10
583	0	square	random	16604	[4, 4]	5	[11, 11]	0.0001	0.9893475901149694	48.68324856744745	0.0004808242374565	6.848508330937193e-12
584	0	no	random	16604	[4, 4]	5	[11, 11]	0.0001	0.9618794225271148	43.49551015946558	0.0016228080494329	2.4969587727658005e-11
585	0	no	random	16604	[4, 4]	10	[11, 11]	0.0001	0.9747390515005808	45.80028731425229	0.0011522107524797	1.4968376423266562e-11
586	0	square	random	16604	[4, 4]	10	[11, 11]	0.0001	0.992508739199107	50.60098304131152	0.0003301582473795	4.339536871584579e-12
587	0	no	random	89602	[4, 4]	1	[11, 11]	0.01	0.7664850486765139	30.204456303136062	0.0209996867924928	4.1859832904609965e-10
588	0	square	random	16604	[4, 4]	10	[13, 13]	0.01	1.415134266544889e-07	-24.513686441475485	1.5961412731928576e+16	627585042.6293476
589	0	square	random	89602	[4, 4]	1	[11, 11]	0.01	0.814392343479225	33.21793834017121	0.0109804235398769	2.5267184584347314e-10
590	0	no	random	89602	[4, 4]	5	[11, 11]	0.01	0.2642184352829844	12.599520495191005	1.071642279624939	2.1134956927301567e-08
591	0	no	random	16604	[4, 4]	5	[13, 13]	0.0001	0.9605555862687064	43.60167952546061	0.0017228595679625	2.5564817778385812e-11
592	0	square	random	16604	[4, 4]	5	[13, 13]	0.0001	0.9771814773428782	45.97301490856356	0.0009372723288834	1.3584937108337286e-11
593	0	no	random	89602	[4, 4]	1	[13, 13]	0.01	0.797244839153784	30.45240618658424	0.0178732182830572	3.6489849310493456e-10
594	0	square	random	89602	[4, 4]	1	[13, 13]	0.01	0.8260911611691101	34.02030554929725	0.0106525383889675	2.2271031985327502e-10
595	0	no	random	89602	[4, 4]	10	[11, 11]	0.01	5.4953063607807e-09	-76.71632845525542	1.4167171890413568e+16	540110644.36073
596	0	square	random	89602	[4, 4]	5	[11, 11]	0.01	0.4231630548296869	16.226849597775967	0.4225761890411377	8.431562542118002e-09
597	0	square	random	16604	[4, 4]	10	[13, 13]	0.001	0.994296911633891	49.12913887687271	0.0003288414154667	5.2214933637868876e-12
598	0	no	random	16604	[4, 4]	10	[13, 13]	0.001	0.98506722948128	40.83694356476424	0.0016182289691641	3.0711537621470725e-11
599	0	no	random	89602	[4, 4]	5	[13, 13]	0.01	0.253505793397316	9.637755723058657	1.906238913536072	4.5822767111403985e-08
600	0	no	random	89602	[4, 4]	1	[11, 11]	0.001	0.7394251967499283	29.16436579725921	0.0222310610115528	4.946684808461003e-10
601	0	square	random	89602	[4, 4]	5	[13, 13]	0.01	0.2475552638255588	9.416901213383648	1.9119579792022705	4.471170663267743e-08
602	0	square	random	89602	[4, 4]	1	[11, 11]	0.001	0.8148916218604193	33.15051768580229	0.0101015716791152	2.539207389133447e-10
603	0	no	random	89602	[4, 4]	5	[11, 11]	0.001	0.9891832064959114	46.43595691567529	0.0006528333178721	1.2879558194973169e-11
604	0	square	random	89602	[4, 4]	5	[11, 11]	0.001	0.9947577222574392	50.60348193862878	0.0002257371670566	3.559682037716758e-12
605	0	square	random	89602	[4, 4]	10	[11, 11]	0.01	1.876508564927828e-07	-24.260125629180745	2386323289669632.0	99682546.01092862
606	0	no	random	89602	[4, 4]	1	[13, 13]	0.001	0.7755934098268026	30.0753143862624	0.0193992685526609	4.2894804872188617e-10
607	0	square	random	89602	[4, 4]	1	[13, 13]	0.001	0.8343126879878546	34.173985269578566	0.0087702060118317	2.1890758907630847e-10
608	0	no	random	89602	[4, 4]	10	[11, 11]	0.001	0.9903304504264804	47.63262615651293	0.0005815622280351	9.789191798005396e-12
609	0	no	random	16604	[4, 4]	10	[13, 13]	0.0001	0.9696116987916132	45.64420737392319	0.0012642248766496	1.6283382740511596e-11
610	0	square	random	16604	[4, 4]	10	[13, 13]	0.0001	0.982385545975688	47.63884059606168	0.0007344399346038	9.828988673900629e-12
611	0	no	random	89602	[4, 4]	1	[11, 11]	0.0001	0.6094928375942903	24.572038379002983	0.0624778605997562	1.6570463870123982e-09
612	0	square	random	89602	[4, 4]	1	[11, 11]	0.0001	0.7660363215461791	30.394546296096507	0.0157345049083232	4.4118511518307374e-10
613	0	square	random	89602	[4, 4]	5	[13, 13]	0.001	0.9946651007612451	50.29054708669887	0.0002633722033351	4.256494219369263e-12
614	0	no	random	89602	[4, 4]	5	[13, 13]	0.001	0.9901046361128536	47.45369644114427	0.0006064501358196	1.2408934814111022e-11
615	0	square	random	89602	[4, 4]	5	[11, 11]	0.0001	0.9885618604262512	48.21612745235435	0.0004133954935241	7.234148564222491e-12
616	0	no	random	89602	[4, 4]	5	[11, 11]	0.0001	0.9644950829734452	43.59527393706646	0.0013677306706085	2.4333216224892983e-11
617	0	no	random	89602	[4, 4]	10	[13, 13]	0.001	0.9883810625425604	45.14992235003216	0.000674930284731	1.2254385925344762e-11
618	0	no	random	89602	[4, 4]	1	[13, 13]	0.0001	0.6241565697573483	25.10004907996665	0.0556221790611743	1.5073323510650806e-09
619	0	square	random	89602	[4, 4]	10	[13, 13]	0.001	0.9937878531285697	49.06112416302968	0.0002605858026072	4.636480285139281e-12
620	0	square	random	89602	[4, 4]	1	[13, 13]	0.0001	0.7773141362523325	31.036239098329045	0.014683062210679	4.0915706494043076e-10
621	0	no	random	89602	[4, 4]	10	[11, 11]	0.0001	0.971441387278262	44.41883293344251	0.0011314479634165	1.8629727769283678e-11
622	0	square	random	89602	[4, 4]	10	[11, 11]	0.001	0.9959175820245768	52.62770597701363	0.0001301767042605	2.2489702633052624e-12
623	0	no	random	89602	[4, 4]	10	[13, 13]	0.01	9.92278296718738e-07	-83.39773949058058	1.4734302994497536e+16	623213279.6611772
624	0	no	random	94441	[4, 4]	1	[11, 11]	0.01	0.7902333984815679	30.933372000414856	0.0184592492878437	3.6936165362673743e-10
625	0	square	random	94441	[4, 4]	1	[11, 11]	0.01	0.8071330239875618	32.40616138637178	0.013154873624444	2.8054951231698156e-10
626	0	no	random	89602	[4, 4]	5	[13, 13]	0.0001	0.9656539183414344	44.28103030572787	0.0013683210127055	2.2941840273957317e-11
627	0	square	random	89602	[4, 4]	10	[13, 13]	0.01	8.125865653727903e-08	-28.88850480865863	1.417137344217088e+16	584104500.204289
628	0	square	random	89602	[4, 4]	5	[13, 13]	0.0001	0.9812689646663416	46.57594452928638	0.0007128370343707	1.2314533345019507e-11
629	0	square	random	94441	[4, 4]	1	[13, 13]	0.01	0.8155685071389034	32.89135531802877	0.0135987447574734	2.8131157812154835e-10
630	0	square	random	94441	[4, 4]	5	[11, 11]	0.01	0.4798236385444978	18.96256510368163	0.2486909925937652	4.800287122364025e-09
631	0	no	random	94441	[4, 4]	1	[13, 13]	0.01	0.8085328386831223	31.275305798955703	0.0154509730637073	3.2046127798997067e-10
632	0	square	random	89602	[4, 4]	10	[11, 11]	0.0001	0.9917917837756411	49.978900325610894	0.0002911929041147	4.701391228366894e-12
633	0	no	random	89602	[4, 4]	10	[13, 13]	0.0001	0.9702422164863244	45.30669208714605	0.0011145917233079	1.6943593442649974e-11
634	0	no	random	94441	[4, 4]	5	[11, 11]	0.01	0.2737459592345334	12.631495223173053	0.947261929512024	1.9144138040744757e-08
635	0	no	random	94441	[4, 4]	5	[13, 13]	0.01	0.1442784955574444	3.8615328419194017	6.343907356262207	1.8271954566804885e-07
636	0	square	random	94441	[4, 4]	10	[11, 11]	0.01	1.2112342665743762e-07	-26.64341231506851	7341773160448.0	288539.33855432644
637	0	no	random	94441	[4, 4]	1	[11, 11]	0.001	0.7839653221437863	30.23986149481726	0.0193730648607015	4.0678458078284264e-10
638	0	square	random	94441	[4, 4]	5	[13, 13]	0.01	0.3378224331994253	14.389411540405808	0.6752568483352661	1.2686269137410515e-08
639	0	square	random	94441	[4, 4]	1	[11, 11]	0.001	0.8146206875753637	32.71528646253996	0.0118814846500754	2.722387851389477e-10
640	0	no	random	94441	[4, 4]	5	[11, 11]	0.001	0.9874817823480888	44.73254622032865	0.0009668057318776	1.5733170473505752e-11
641	0	no	random	94441	[4, 4]	1	[13, 13]	0.001	0.8100218652908496	31.379068785294205	0.0159994214773178	3.3901057576473993e-10
642	0	square	random	89602	[4, 4]	10	[13, 13]	0.0001	0.9850420639290944	47.85512057937217	0.0005637849099002	8.740541153795789e-12
643	0	square	random	94441	[4, 4]	1	[13, 13]	0.001	0.83316692859033	33.66651862834146	0.0104442071169614	2.413496762513407e-10
644	0	no	random	94441	[4, 4]	10	[11, 11]	0.001	0.9901248189463898	47.1104466184346	0.0006732515175826	9.928322693667562e-12
645	0	square	random	94441	[4, 4]	10	[11, 11]	0.001	0.994001942108325	51.09487173529922	0.0002102679864037	3.409007035506923e-12
646	0	square	random	94441	[4, 4]	5	[11, 11]	0.001	0.9928956353154488	48.71551292270422	0.0003514722629915	5.89754268610132e-12
647	0	no	random	94441	[4, 4]	1	[11, 11]	0.0001	0.6724116745645005	26.06513672001868	0.0476388484239578	1.1132074186906734e-09
648	0	no	random	94441	[4, 4]	10	[11, 11]	0.01	1.5412102046256032e-05	-85.37436792886533	145055960530944.0	5806445.786453358
649	0	square	random	94441	[4, 4]	1	[11, 11]	0.0001	0.7784523497900725	30.308172911799	0.0179944299161434	4.5687902134959005e-10
650	0	square	random	94441	[4, 4]	10	[13, 13]	0.01	4.679148283848514e-08	-28.09056921398729	1.45970906005504e+16	611321387.891762
651	0	square	random	94441	[4, 4]	5	[13, 13]	0.001	0.9914865468814776	47.22803212759643	0.0006244191317819	9.76172639154319e-12
652	0	no	random	94441	[4, 4]	5	[11, 11]	0.0001	0.948085962585049	40.3862003936538	0.0024257411714643	4.2355481007704255e-11
653	0	no	random	94441	[4, 4]	1	[13, 13]	0.0001	0.6950282477840874	27.03307324949286	0.0422252714633941	9.85609889410045e-10
654	0	square	random	94441	[4, 4]	1	[13, 13]	0.0001	0.783673680783449	30.79750908573885	0.0169811435043811	4.3125896977221615e-10
655	0	no	random	94441	[4, 4]	10	[13, 13]	0.001	0.9847065083584796	41.24849394874623	0.0016882026102393	3.2690162268457773e-11
656	0	no	random	94441	[4, 4]	5	[13, 13]	0.001	0.9881794711579728	45.39656013082275	0.0008787932456471	1.4297979608858547e-11
657	0	no	random	94441	[4, 4]	10	[11, 11]	0.0001	0.9647283013608592	43.493713454393145	0.0016258505638688	2.4990610083974244e-11
658	0	square	random	94441	[4, 4]	10	[13, 13]	0.001	0.9929614011324308	47.42289041080334	0.0004764085169881	7.965945588321077e-12
659	0	no	random	94441	[4, 4]	10	[13, 13]	0.01	1.6263185807897174e-08	-78.66583796990325	1.1389476953653248e+16	445550363.8419367
660	0	square	random	94441	[4, 4]	5	[11, 11]	0.0001	0.9868786591452612	47.09158089563684	0.0006387244211509	9.950618990210001e-12
661	0	no	random	48917	[4, 4]	1	[11, 11]	0.01	0.8169321832962526	32.05037265274432	0.0139648951590061	2.7934007975794843e-10
662	0	square	random	48917	[4, 4]	1	[11, 11]	0.01	0.8169697332078943	33.103923407656325	0.0112551571801304	2.2968464192787978e-10
663	0	square	random	94441	[4, 4]	5	[13, 13]	0.0001	0.9725833659248848	44.44611331224144	0.0011816397309303	1.8407986669948908e-11
664	0	no	random	48917	[4, 4]	1	[13, 13]	0.01	0.8252841896033917	31.78603696954214	0.0125981960445642	2.531146833832527e-10
665	0	no	random	94441	[4, 4]	5	[13, 13]	0.0001	0.9476267222833292	40.49279764723161	0.0025871815159916	4.5782447870218335e-11
666	0	square	random	94441	[4, 4]	10	[11, 11]	0.0001	0.9910047848485664	48.90800847898766	0.0004170017782598	5.959815480641982e-12
667	0	square	random	48917	[4, 4]	1	[13, 13]	0.01	0.8283340535820274	33.58580382255361	0.0119974995031952	2.2146862417255367e-10
668	0	no	random	94441	[4, 4]	10	[13, 13]	0.0001	0.9607804084263294	43.437932644722615	0.0016637733206152	2.443745679445066e-11
669	0	no	random	48917	[4, 4]	10	[11, 11]	0.01	2.103339761684517e-05	-94.43630592350524	61091203776512.0	2420471.971893072
670	0	square	random	48917	[4, 4]	10	[11, 11]	0.01	2.714822743664846e-07	-19.597928211178093	45365613035520.0	1806737.627332205
671	0	no	random	48917	[4, 4]	5	[11, 11]	0.01	0.4154674566128548	17.92900635626165	0.3665267527103424	6.44477963465716e-09
672	0	square	random	48917	[4, 4]	5	[11, 11]	0.01	0.6826909720028521	26.955601383504863	0.04479905590415	8.756440716693612e-10
673	0	square	random	48917	[4, 4]	1	[11, 11]	0.001	0.8221140582009582	33.13141549181473	0.0102655477821826	2.2755062088434471e-10
674	0	no	random	48917	[4, 4]	1	[11, 11]	0.001	0.8156449207843025	31.27067323949463	0.014503045938909	3.096377090452889e-10
675	0	no	random	48917	[4, 4]	5	[13, 13]	0.01	0.0912465679986113	-4.66323953244952	29.71456527709961	1.0126345054146669e-06
676	0	square	random	48917	[4, 4]	5	[13, 13]	0.01	5.849702831485329e-07	-32.9666263214235	4929720320.0	196.461670574959
677	0	no	random	48917	[4, 4]	1	[13, 13]	0.001	0.8306097180945073	31.868499278357987	0.0126259038224816	2.7112809500801136e-10
678	0	square	random	48917	[4, 4]	1	[13, 13]	0.001	0.8471363430894544	34.326055466092605	0.0089854644611477	1.9647510232003102e-10
679	0	no	random	48917	[4, 4]	10	[13, 13]	0.01	7.915407648514027e-08	-79.58203641906306	1557726521982976.0	61299221.37080824
680	0	no	random	48917	[4, 4]	10	[11, 11]	0.001	0.9914576345960376	48.78103029666673	0.0005426810239441	7.375876981970357e-12
681	0	square	random	48917	[4, 4]	10	[11, 11]	0.001	0.9961554591138484	53.90054096454879	0.0001228227338287	1.7779623528917137e-12
682	0	square	random	48917	[4, 4]	10	[13, 13]	0.01	1.328233657944177e-07	-24.194548345027176	34472038760448.0	1363155.338122887
683	0	no	random	48917	[4, 4]	5	[11, 11]	0.001	0.9902919573730872	47.194317723633496	0.0007154314080253	1.102268506457755e-11
684	0	square	random	48917	[4, 4]	5	[11, 11]	0.001	0.995305003145305	50.98609998938144	0.0002203840995207	3.237029602327279e-12
685	0	no	random	48917	[4, 4]	1	[11, 11]	0.0001	0.7123425925524834	26.91747912432225	0.038432840257883	8.767129807601303e-10
686	0	square	random	48917	[4, 4]	1	[11, 11]	0.0001	0.7830876815126043	30.56213080919406	0.0166671518236398	4.0979408333179703e-10
687	0	square	random	94441	[4, 4]	10	[13, 13]	0.0001	0.9801109377147942	46.50524588139548	0.0008500065887346	1.2221350866961096e-11
688	0	no	random	48917	[4, 4]	5	[13, 13]	0.001	0.9898277915506974	46.749328408152905	0.000726941274479	1.1309703716216229e-11
689	0	square	random	48917	[4, 4]	5	[13, 13]	0.001	0.9934995446775616	48.48704543471417	0.0003960484464187	6.316247839072082e-12
690	0	no	random	48917	[4, 4]	1	[13, 13]	0.0001	0.7248341552978791	27.73379613595251	0.0346135273575782	7.953192397672135e-10
691	0	square	random	48917	[4, 4]	1	[13, 13]	0.0001	0.7922813402959572	31.10610231578533	0.0157778449356555	3.8607885618312407e-10
692	0	no	random	48917	[4, 4]	10	[13, 13]	0.001	0.9873032608633636	43.275444657522016	0.0012251687003299	2.1102286007724208e-11
693	0	no	random	48917	[4, 4]	10	[11, 11]	0.0001	0.9668038529290331	44.861316604795576	0.0013273025397211	1.7548530886693406e-11
694	0	square	random	48917	[4, 4]	10	[11, 11]	0.0001	0.992471125223499	50.65576736617783	0.0003264373226556	4.137603230745817e-12
695	0	square	random	48917	[4, 4]	10	[13, 13]	0.001	0.9938874958474228	48.91402736233935	0.0003554751747287	5.524299714006139e-12
696	0	no	random	48917	[4, 4]	5	[11, 11]	0.0001	0.957138217442798	43.03133444536365	0.0017426912672817	2.6528976829977192e-11
697	0	square	random	48917	[4, 4]	5	[11, 11]	0.0001	0.989411530235494	48.66698806658475	0.0004655619268305	6.3428632247835866e-12
698	0	no	random	86859	[4, 4]	1	[11, 11]	0.01	0.8165346264337782	33.13222482209471	0.0114402091130614	2.426217239212359e-10
699	0	square	random	86859	[4, 4]	1	[11, 11]	0.01	0.8215655040053502	33.28476211120734	0.0107072824612259	2.27924625354526e-10
700	0	no	random	86859	[4, 4]	1	[13, 13]	0.01	0.8333983347081613	34.12304589369684	0.0096581429243087	1.972580882976446e-10
701	0	no	random	48917	[4, 4]	5	[13, 13]	0.0001	0.9521628376895956	42.51944228372296	0.0019838809967041	2.949068668901679e-11
702	0	no	random	86859	[4, 4]	5	[11, 11]	0.01	0.3198624364888693	15.663436266198932	0.6076125502586365	1.1013926983871338e-08
703	0	square	random	86859	[4, 4]	1	[13, 13]	0.01	0.8344202138468078	34.2957874319754	0.0107826208695769	2.089335538615328e-10
704	0	square	random	48917	[4, 4]	5	[13, 13]	0.0001	0.9766116576016792	46.14130895293221	0.0009144708164967	1.2317468476236235e-11
705	0	square	random	48917	[4, 4]	10	[13, 13]	0.0001	0.9814620638792104	47.45685898162675	0.0007483023800887	9.68090880983096e-12
706	0	square	random	86859	[4, 4]	5	[11, 11]	0.01	0.4169732867375631	15.099659224457	0.6139971017837524	1.2670818898167992e-08
707	0	square	random	86859	[4, 4]	5	[13, 13]	0.01	1.8032612586916424e-06	-26.21359231901518	6325992448.0	252.6662061313789
708	0	no	random	86859	[4, 4]	1	[11, 11]	0.001	0.8128182985349608	32.36503385790537	0.0117397354915738	2.5644167226689885e-10
709	0	square	random	86859	[4, 4]	1	[11, 11]	0.001	0.8261982518742469	33.23451688640175	0.0096248863264918	2.1879001066760969e-10
710	0	no	random	86859	[4, 4]	5	[13, 13]	0.01	0.1461231228767136	3.412707948426825	7.095154762268066	1.947134137873538e-07
711	0	no	random	48917	[4, 4]	10	[13, 13]	0.0001	0.9595886874082952	44.30921002990678	0.0014937083469703	1.96050551957589e-11
712	0	square	random	86859	[4, 4]	10	[11, 11]	0.01	1.166319108493325e-07	-20.60958459790114	2241949843062784.0	89570596.68793064
713	0	no	random	86859	[4, 4]	5	[11, 11]	0.001	0.992464335607588	48.95110487373379	0.0004807878576684	6.9807932795570346e-12
714	0	square	random	86859	[4, 4]	5	[11, 11]	0.001	0.9961749366693144	51.89205641302728	0.0002016495127463	2.947339246359883e-12
715	0	no	random	86859	[4, 4]	10	[13, 13]	0.01	7.039822318322442e-07	-81.81838384161233	7865709153484800.0	304895160.2061278
716	0	no	random	86859	[4, 4]	1	[13, 13]	0.001	0.8274022945724872	33.37783599354794	0.0100993830710649	2.2689312351088267e-10
717	0	square	random	86859	[4, 4]	1	[13, 13]	0.001	0.8460140245611225	34.47336054956257	0.008361461572349	1.884084300560612e-10
718	0	no	random	86859	[4, 4]	1	[11, 11]	0.0001	0.7071656515304132	27.39163072325965	0.0335901603102684	7.887442199631541e-10
719	0	no	random	86859	[4, 4]	10	[11, 11]	0.01	7.406377718724802e-08	-80.03553743746737	5057494715990016.0	192727492.13078317
720	0	square	random	86859	[4, 4]	1	[11, 11]	0.0001	0.7849809403000081	30.655076656121658	0.0148796830326318	3.7674908270811157e-10
721	0	no	random	86859	[4, 4]	5	[13, 13]	0.001	0.9923359084316552	49.00573122912074	0.0004720258293673	6.863622309364945e-12
722	0	square	random	86859	[4, 4]	5	[13, 13]	0.001	0.9945149433576036	49.45026245057242	0.0003591714485082	5.034774591066084e-12
723	0	square	random	86859	[4, 4]	10	[11, 11]	0.001	0.9971588151884764	55.069653207806375	9.531306568533182e-05	1.3966094470100873e-12
724	0	no	random	86859	[4, 4]	10	[13, 13]	0.001	0.9900530020435344	44.12442011068977	0.0008294678409583	1.4678857099458973e-11
725	0	square	random	86859	[4, 4]	5	[11, 11]	0.0001	0.991830725367042	49.89178632000563	0.0003543228958733	4.6336711105153015e-12
726	0	no	random	86859	[4, 4]	1	[13, 13]	0.0001	0.7300938224550935	28.41961213772917	0.0302047561854124	7.11027458402977e-10
727	0	square	random	86859	[4, 4]	1	[13, 13]	0.0001	0.7957843523487533	31.244312972916653	0.0140919014811515	3.5473985570006087e-10
728	0	no	random	86859	[4, 4]	10	[11, 11]	0.0001	0.973437263444724	46.25003551064612	0.0010555190965533	1.2832955393398184e-11
729	0	square	random	86859	[4, 4]	10	[11, 11]	0.0001	0.9933421224004207	51.16495851119578	0.0002740326744969	3.4137997713348856e-12
730	0	no	random	86859	[4, 4]	5	[11, 11]	0.0001	0.9661573361451185	44.56262068929891	0.0013044337974861	1.8275129188151717e-11
731	0	no	random	91020	[4, 4]	1	[11, 11]	0.01	0.8906468506103953	35.51646757100695	0.0058777569793164	1.1222745216853363e-10
732	0	no	random	86859	[4, 4]	10	[11, 11]	0.001	0.9928957195263656	50.46741612101016	0.0003830255009233	4.969522822653382e-12
733	0	square	random	91020	[4, 4]	1	[11, 11]	0.01	0.8544916491216885	35.02655383370376	0.0076896650716662	1.4706816093412068e-10
734	0	square	random	86859	[4, 4]	10	[13, 13]	0.001	0.9950994645888168	50.395290258244565	0.0002593513927422	3.685766391846799e-12
735	0	square	random	86859	[4, 4]	10	[13, 13]	0.01	1.2148224893478998e-07	-21.873548345445304	5932789723561984.0	231066906.2370085
736	0	no	random	91020	[4, 4]	5	[11, 11]	0.01	0.4096417397366821	17.991912788418215	0.3355178534984588	6.093799103664218e-09
737	0	no	random	91020	[4, 4]	1	[13, 13]	0.01	0.8933884760502856	36.05520565451576	0.0053634862415492	1.0111686063232759e-10
738	0	square	random	86859	[4, 4]	5	[13, 13]	0.0001	0.9824800594056806	47.5814621595896	0.0006929680821485	9.13078594207391e-12
739	0	no	random	86859	[4, 4]	5	[13, 13]	0.0001	0.9610368665542102	44.23963140429208	0.0014899320667609	2.057521827799531e-11
740	0	square	random	91020	[4, 4]	1	[13, 13]	0.01	0.8576282551368731	35.29497880239872	0.0088239852339029	1.4964125288861763e-10
741	0	no	random	86859	[4, 4]	10	[13, 13]	0.0001	0.9672678413664608	45.79956728342303	0.0011978204129263	1.4592689449016577e-11
742	0	square	random	86859	[4, 4]	10	[13, 13]	0.0001	0.9847440367678978	48.408929976332175	0.0006045852787792	7.660121543035202e-12
743	0	no	random	91020	[4, 4]	1	[11, 11]	0.001	0.8635373289711455	33.43512269910426	0.0082542626187205	1.618583807564022e-10
744	0	square	random	91020	[4, 4]	1	[11, 11]	0.001	0.8613647743559909	35.01163050660452	0.0073683741502463	1.5332300015107675e-10
745	0	square	random	91020	[4, 4]	5	[11, 11]	0.01	0.0765617998050405	-0.2283046974984043	9.501309394836426	2.889364656925659e-07
746	0	square	random	91020	[4, 4]	10	[11, 11]	0.01	5.692978826090828e-08	-27.0473541692943	313040805298176.0	11891829.347251903
747	0	square	random	91020	[4, 4]	5	[13, 13]	0.01	0.1335767181318738	0.9425058163977172	7.604471206665039	2.195617113151943e-07
748	0	no	random	91020	[4, 4]	5	[11, 11]	0.001	0.9926353943326592	48.672909817207646	0.0004862091154791	7.505563583695832e-12
749	0	square	random	91020	[4, 4]	5	[11, 11]	0.001	0.9956532631252738	51.068254649255465	0.0002242174814455	3.4034707190532017e-12
750	0	square	random	91020	[4, 4]	1	[13, 13]	0.001	0.8778932188651087	36.153160807512485	0.0063575762324035	1.310094115821847e-10
751	0	no	random	91020	[4, 4]	1	[13, 13]	0.001	0.8813392107793306	34.4262129992834	0.0071525895036756	1.400501017412198e-10
752	0	no	random	91020	[4, 4]	10	[13, 13]	0.01	1.5777384244850188e-07	-86.39909766947177	1.1043533444087808e+17	4407720251.347868
753	0	square	random	91020	[4, 4]	10	[13, 13]	0.01	2.0844821946918202e-07	-32.37249168423831	1.396751281946624e+16	540994838.9560117
754	0	no	random	91020	[4, 4]	5	[13, 13]	0.01	0.1989909384697935	5.421030733926985	3.9161102771759033	1.0030398464019453e-07
755	0	no	random	91020	[4, 4]	1	[11, 11]	0.0001	0.7218897320750469	27.223159830619824	0.0328639633953571	7.508595571801182e-10
756	0	square	random	91020	[4, 4]	1	[11, 11]	0.0001	0.7965550479353635	31.0179025015662	0.0139476107433438	3.4959553422166433e-10
757	0	no	random	91020	[4, 4]	10	[11, 11]	0.01	3.06982353645467e-06	-77.5067181892741	681642649714688.0	27190105.415279683
758	0	no	random	91020	[4, 4]	5	[13, 13]	0.001	0.9922760225769838	47.53531188567636	0.0005761293577961	8.91049196341938e-12
759	0	square	random	91020	[4, 4]	5	[13, 13]	0.001	0.995117935351538	50.37803664066497	0.0003228144196327	4.890934004244637e-12
760	0	no	random	91020	[4, 4]	5	[11, 11]	0.0001	0.9672579539281484	44.66611658935448	0.0013773012906312	2.0501937104074088e-11
761	0	no	random	91020	[4, 4]	1	[13, 13]	0.0001	0.739547541146844	27.977782562605626	0.0295117627829313	6.681488589399845e-10
762	0	square	random	91020	[4, 4]	1	[13, 13]	0.0001	0.8046996341797494	31.51356981290309	0.0132181160151958	3.317631604439931e-10
763	0	square	random	91020	[4, 4]	10	[11, 11]	0.001	0.9970418237773536	54.885214874792496	0.0001041329887812	1.52887338284701e-12
764	0	square	random	91020	[4, 4]	10	[11, 11]	0.0001	0.9930688070171034	51.33430620446043	0.0003024314064532	3.6093299231347048e-12
765	0	square	random	91020	[4, 4]	5	[11, 11]	0.0001	0.991358231997964	49.85138893476217	0.0003882175660692	5.041311685125486e-12
766	0	no	random	91020	[4, 4]	5	[13, 13]	0.0001	0.9635068291057156	44.4310932925146	0.0014907723525539	2.114995200481176e-11
767	0	no	random	91020	[4, 4]	10	[11, 11]	0.001	0.9928252348774436	49.88008681361854	0.0004252847575116	5.5642726439494816e-12
768	0	square	random	91020	[4, 4]	5	[13, 13]	0.0001	0.9806384286098808	47.31908958507137	0.0007854642462916	9.856845243935575e-12
769	0	no	random	59566	[4, 4]	1	[13, 13]	0.01	0.8403288972325758	33.35071587432683	0.0093953302130103	2.0526047488672216e-10
770	0	no	random	91020	[4, 4]	10	[13, 13]	0.001	0.9883694794184568	43.71731238354133	0.0011429345468059	1.9866533333454933e-11
771	0	square	random	91020	[4, 4]	10	[13, 13]	0.001	0.9946872945324078	49.59460132768229	0.0002810894220601	4.442070129558853e-12
772	0	no	random	48636	[4, 4]	10	[11, 11]	0.001	0.9920028910210436	49.42983495468458	0.000444438541308	6.322455607642397e-12
773	0	no	random	91020	[4, 4]	10	[11, 11]	0.0001	0.97432245939488	46.23116990984458	0.0010811312822625	1.3295592601004886e-11
774	0	square	random	91020	[4, 4]	10	[13, 13]	0.0001	0.982581483998634	48.11540347866053	0.000701408367604	8.624023215795776e-12
775	0	no	random	48636	[4, 4]	5	[13, 13]	0.01	0.1126610822961048	-1.7668358311117405	19.21934700012207	6.180548592128198e-07
776	0	no	random	91020	[4, 4]	10	[13, 13]	0.0001	0.971328547846846	46.17576013743023	0.0011714451247826	1.464753477608633e-11
777	0	no	random	48636	[4, 4]	5	[13, 13]	0.001	0.9910790672046598	47.47945402214033	0.000539677159395	8.771661072526484e-12
